date,station,lon,lat,tmpf,relh,sped,vsby
2019-01-01,jrb,-74.009,40.7012,55.952,71.75953333333334,9.491333333333333,7.013333333333334
2019-01-01,nyc,-73.9693,40.779,49.75238095238095,85.64095238095238,0.0,5.904761904761905
2019-01-02,jrb,-74.009,40.7012,46.303030303030305,62.05848484848485,5.087878787878788,9.848484848484848
2019-01-02,nyc,-73.9693,40.779,38.470588235294116,54.428823529411765,0.0,9.941176470588236
2019-01-03,jrb,-74.009,40.7012,46.231818181818184,69.74818181818182,6.194318181818182,9.954545454545455
2019-01-03,nyc,-73.9693,40.779,41.36551724137931,67.12448275862069,0.0,9.89655172413793
2019-01-04,jrb,-74.009,40.7012,48.38461538461539,68.19974358974359,8.816666666666666,10.0
2019-01-04,nyc,-73.9693,40.779,40.625,58.9125,0.0,9.875
2019-01-05,jrb,-74.009,40.7012,54.47672955974842,73.76207547169811,9.952201257861637,6.943396226415095
2019-01-05,nyc,-73.9693,40.779,43.96923076923077,92.12769230769231,0.0,4.55
2019-01-06,jrb,-74.009,40.7012,47.93142857142857,67.09028571428571,5.9471428571428575,10.0
2019-01-06,nyc,-73.9693,40.779,43.8,58.864,0.0,10.0
2019-01-07,jrb,-74.009,40.7012,41.25675675675676,55.33135135135135,6.216216216216216,9.945945945945946
2019-01-07,nyc,-73.9693,40.779,29.678260869565218,39.711304347826086,0.0,10.0
2019-01-08,jrb,-74.009,40.7012,48.067647058823525,76.68191176470589,3.4330882352941177,8.610294117647058
2019-01-08,nyc,-73.9693,40.779,38.644444444444446,77.09185185185186,0.0,6.851851851851852
2019-01-09,jrb,-74.009,40.7012,51.03125,70.2415625,6.70234375,8.796875
2019-01-09,nyc,-73.9693,40.779,42.5875,74.590625,0.0,7.0859375
2019-01-10,jrb,-74.009,40.7012,45.078947368421055,59.73131578947368,6.567105263157895,10.0
2019-01-10,nyc,-73.9693,40.779,33.2,49.80571428571428,0.0,10.0
2019-01-11,jrb,-74.009,40.7012,40.75,61.19475,5.43375,9.9
2019-01-11,nyc,-73.9693,40.779,26.947619047619046,42.37809523809524,0.0,10.0
2019-01-12,jrb,-74.009,40.7012,38.24594594594594,56.05135135135136,5.8432432432432435,10.0
2019-01-12,nyc,-73.9693,40.779,25.552380952380954,41.951904761904764,0.0,10.0
2019-01-13,jrb,-74.009,40.7012,44.701851851851856,64.2237037037037,8.539814814814815,9.61111111111111
2019-01-13,nyc,-73.9693,40.779,28.983333333333334,44.898888888888884,0.0,9.61111111111111
2019-01-14,jrb,-74.009,40.7012,42.43695652173913,65.81782608695652,9.8,9.891304347826088
2019-01-14,nyc,-73.9693,40.779,26.4,52.873636363636365,0.0,10.0
2019-01-15,jrb,-74.009,40.7012,39.61034482758621,57.69,5.353448275862069,10.0
2019-01-15,nyc,-73.9693,40.779,29.90526315789474,47.61052631578948,0.0,9.947368421052632
2019-01-16,jrb,-74.009,40.7012,43.22380952380953,67.5604761904762,9.172619047619047,10.0
2019-01-16,nyc,-73.9693,40.779,34.485,57.64,0.0,8.9
2019-01-17,jrb,-74.009,40.7012,45.03404255319149,60.470425531914884,6.214893617021277,10.0
2019-01-17,nyc,-73.9693,40.779,30.291304347826088,42.805217391304346,0.0,10.0
2019-01-18,jrb,-74.009,40.7012,47.14567901234568,75.02555555555556,6.8432098765432094,9.135802469135802
2019-01-18,nyc,-73.9693,40.779,32.50217391304348,80.71826086956521,0.0,4.739130434782608
2019-01-19,jrb,-74.009,40.7012,44.46341463414634,68.73585365853658,7.404878048780488,10.0
2019-01-19,nyc,-73.9693,40.779,35.294117647058826,62.58764705882353,0.0,9.764705882352942
2019-01-20,jrb,-74.009,40.7012,52.8625,73.70619318181818,14.185511363636364,8.159090909090908
2019-01-20,nyc,-73.9693,40.779,35.158181818181816,88.61490909090908,0.0,4.295454545454546
2019-01-21,jrb,-74.009,40.7012,28.98,62.82971428571428,6.21,9.942857142857143
2019-01-21,nyc,-73.9693,40.779,10.91304347826087,48.00260869565217,0.0,10.0
2019-01-22,jrb,-74.009,40.7012,34.41891891891892,59.59891891891891,6.371621621621622,10.0
2019-01-22,nyc,-73.9693,40.779,19.029411764705884,42.14,0.0,10.0
2019-01-23,jrb,-74.009,40.7012,43.635000000000005,62.935500000000005,7.10125,9.9
2019-01-23,nyc,-73.9693,40.779,35.67307692307692,45.393846153846155,0.0,10.0
2019-01-24,jrb,-74.009,40.7012,55.5709090909091,75.10169696969696,7.555151515151515,7.53030303030303
2019-01-24,nyc,-73.9693,40.779,53.23103448275862,88.24155172413793,0.0,4.943965517241379
2019-01-25,jrb,-74.009,40.7012,47.285714285714285,61.61714285714285,11.781632653061223,10.0
2019-01-25,nyc,-73.9693,40.779,36.26315789473684,46.55789473684211,0.0,10.0
2019-01-26,jrb,-74.009,40.7012,40.28285714285715,52.991142857142854,8.871428571428572,9.942857142857143
2019-01-26,nyc,-73.9693,40.779,29.27368421052632,32.5521052631579,0.0,10.0
2019-01-27,jrb,-74.009,40.7012,46.016216216216215,64.24864864864864,7.73918918918919,10.0
2019-01-27,nyc,-73.9693,40.779,39.125,52.392500000000005,0.0,10.0
2019-01-28,jrb,-74.009,40.7012,43.52439024390244,59.06073170731707,6.8999999999999995,10.0
2019-01-28,nyc,-73.9693,40.779,32.15909090909091,44.779545454545456,0.0,10.0
2019-01-29,jrb,-74.009,40.70119999999999,44.30727272727273,72.07927272727272,7.548181818181819,9.527272727272727
2019-01-29,nyc,-73.9693,40.779,35.584375,70.2575,0.0,9.34375
2019-01-30,jrb,-74.009,40.7012,45.762499999999996,70.51954545454545,13.042045454545455,8.354886363636364
2019-01-30,nyc,-73.9693,40.779,28.071052631578947,65.32973684210526,0.0,7.953947368421052
2019-01-31,jrb,-74.009,40.7012,32.11590909090909,59.875227272727265,11.134090909090908,9.909090909090908
2019-01-31,nyc,-73.9693,40.779,7.62,37.036500000000004,0.0,10.0
2019-02-01,jrb,-74.009,40.7012,32.583333333333336,55.460277777777776,8.401388888888889,10.0
2019-02-01,nyc,-73.9693,40.779,15.98125,34.813125,0.0,10.0
2019-02-02,jrb,-74.009,40.7012,37.08974358974359,59.68358974358974,9.701282051282051,10.0
2019-02-02,nyc,-73.9693,40.779,24.69473684210526,45.456842105263156,0.0,9.947368421052632
2019-02-03,jrb,-74.009,40.7012,49.02608695652174,68.55826086956522,6.7250000000000005,9.41304347826087
2019-02-03,nyc,-73.9693,40.779,40.8235294117647,57.45294117647059,0.0,8.0
2019-02-04,jrb,-74.009,40.7012,50.1764705882353,65.5370588235294,4.769117647058824,9.794117647058824
2019-02-04,nyc,-73.9693,40.779,48.8421052631579,55.613157894736844,0.0,9.263157894736842
2019-02-05,jrb,-74.009,40.7012,54.52459016393443,69.37409836065574,4.468032786885246,9.114754098360656
2019-02-05,nyc,-73.9693,40.779,54.94736842105263,57.10578947368421,0.0,9.631578947368421
2019-02-06,jrb,-74.009,40.7012,49.08636363636364,68.75727272727272,8.311363636363636,9.863636363636363
2019-02-06,nyc,-73.9693,40.779,43.333333333333336,62.19208333333333,0.0,9.708333333333334
2019-02-07,jrb,-74.009,40.7012,53.425954198473285,74.48801526717557,11.31564885496183,7.5534351145038165
2019-02-07,nyc,-73.9693,40.779,41.09032258064516,90.94129032258064,0.0,6.016129032258065
2019-02-08,jrb,-74.009,40.7012,52.75905511811023,74.31133858267715,6.474409448818897,7.94488188976378
2019-02-08,nyc,-73.9693,40.779,44.31,82.62875,0.0,6.59375
2019-02-09,jrb,-74.009,40.7012,43.952173913043474,55.24434782608695,6.3,9.934782608695652
2019-02-09,nyc,-73.9693,40.779,29.333333333333332,37.04904761904762,0.0,10.0
2019-02-10,jrb,-74.009,40.7012,42.304761904761904,58.15571428571428,6.982142857142857,9.904761904761905
2019-02-10,nyc,-73.9693,40.779,28.764705882352942,43.02823529411765,0.0,10.0
2019-02-11,jrb,-74.009,40.7012,42.76571428571428,62.20857142857143,6.965714285714286,9.885714285714286
2019-02-11,nyc,-73.9693,40.779,33.56315789473685,49.82473684210527,0.0,9.947368421052632
2019-02-12,jrb,-74.009,40.7012,48.84166666666667,72.98840277777778,15.213541666666666,4.380208333333333
2019-02-12,nyc,-73.9693,40.779,29.27391304347826,74.05717391304348,0.0,3.641304347826087
2019-02-13,jrb,-74.009,40.7012,52.803125,71.498046875,13.269921875,7.4140625
2019-02-13,nyc,-73.9693,40.779,35.53333333333334,83.93238095238095,0.0,5.761904761904762
2019-02-14,jrb,-74.009,40.7012,48.0,60.73519999999999,9.959,9.92
2019-02-14,nyc,-73.9693,40.779,39.15,46.8425,0.0,10.0
2019-02-15,jrb,-74.009,40.7012,50.714285714285715,64.93971428571429,4.271428571428571,9.942857142857143
2019-02-15,nyc,-73.9693,40.779,47.95238095238095,59.082857142857144,0.0,10.0
2019-02-16,jrb,-74.009,40.7012,49.05555555555556,54.190555555555555,5.302777777777778,9.86111111111111
2019-02-16,nyc,-73.9693,40.779,42.95238095238095,44.311904761904756,0.0,10.0
2019-02-17,jrb,-74.009,40.7012,42.28235294117647,59.46941176470588,7.03529411764706,10.0
2019-02-17,nyc,-73.9693,40.779,32.63636363636363,48.17409090909091,0.0,10.0
2019-02-18,jrb,-74.009,40.7012,51.49726027397261,73.5658904109589,7.065410958904109,6.787671232876712
2019-02-18,nyc,-73.9693,40.779,35.59166666666667,85.329375,0.0,5.244791666666667
2019-02-19,jrb,-74.009,40.7012,42.0,58.32674999999999,6.18125,9.9
2019-02-19,nyc,-73.9693,40.779,28.77368421052632,43.79526315789474,0.0,10.0
2019-02-20,jrb,-74.009,40.7012,46.55274725274725,70.05373626373625,7.708791208791209,4.148351648351649
2019-02-20,nyc,-73.9693,40.779,28.53611111111111,69.57222222222222,0.0,3.9930555555555554
2019-02-21,jrb,-74.009,40.7012,52.17037037037037,73.05103703703703,10.631111111111112,6.616666666666666
2019-02-21,nyc,-73.9693,40.779,35.31041666666667,86.69791666666667,0.0,4.578125
2019-02-22,jrb,-74.009,40.7012,49.45,58.750249999999994,4.85875,9.725
2019-02-22,nyc,-73.9693,40.779,42.333333333333336,46.77055555555555,0.0,10.0
2019-02-23,jrb,-74.009,40.7012,45.742105263157896,64.74131578947369,6.657894736842105,9.868421052631579
2019-02-23,nyc,-73.9693,40.779,37.68421052631579,55.46421052631579,0.0,10.0
2019-02-24,jrb,-74.009,40.7012,52.35058823529412,76.02917647058823,12.088529411764707,5.188235294117647
2019-02-24,nyc,-73.9693,40.779,39.904,91.7614,0.0,3.685
2019-02-25,jrb,-74.009,40.70120000000001,50.04642857142857,57.75982142857142,13.923214285714286,10.0
2019-02-25,nyc,-73.9693,40.779,40.86363636363637,40.165454545454544,0.0,9.954545454545455
2019-02-26,jrb,-74.009,40.7012,41.0516129032258,49.59387096774193,6.343548387096774,10.0
2019-02-26,nyc,-73.9693,40.779,30.621052631578944,35.13473684210526,0.0,10.0
2019-02-27,jrb,-74.009,40.7012,37.52068965517241,56.71793103448276,6.26551724137931,10.0
2019-02-27,nyc,-73.9693,40.779,26.533333333333335,43.964285714285715,0.0,9.952380952380953
2019-02-28,jrb,-74.009,40.7012,46.07945205479452,70.81068493150686,6.9157534246575345,8.26027397260274
2019-02-28,nyc,-73.9693,40.779,30.019444444444446,69.33722222222222,0.0,7.576388888888889
2019-03-01,jrb,-74.009,40.7012,47.334782608695654,72.5266304347826,9.5,6.1875
2019-03-01,nyc,-73.9693,40.779,29.625,73.22472222222223,0.0,5.402777777777778
2019-03-02,jrb,-74.009,40.70120000000001,50.65535714285714,73.67758928571428,9.620982142857143,5.631696428571429
2019-03-02,nyc,-73.9693,40.779,33.491891891891896,83.88945945945946,0.0,4.736486486486487
2019-03-03,jrb,-74.009,40.7012,48.223076923076924,69.38596153846153,6.0375,7.355769230769231
2019-03-03,nyc,-73.9693,40.779,37.57142857142857,68.37964285714285,0.0,7.160714285714286
2019-03-04,jrb,-74.009,40.7012,49.725,74.86448529411764,8.405147058823529,4.637867647058823
2019-03-04,nyc,-73.9693,40.779,34.51363636363636,82.3468181818182,0.0,4.568181818181818
2019-03-05,jrb,-74.009,40.7012,38.75555555555556,57.60222222222222,7.986111111111111,10.0
2019-03-05,nyc,-73.9693,40.779,27.242105263157896,44.31157894736842,0.0,10.0
2019-03-06,jrb,-74.009,40.7012,41.28,60.50111111111111,8.407777777777778,9.933333333333334
2019-03-06,nyc,-73.9693,40.779,23.45,43.31272727272727,0.0,9.727272727272727
2019-03-07,jrb,-74.009,40.7012,37.768571428571434,58.16228571428571,9.561428571428571,10.0
2019-03-07,nyc,-73.9693,40.779,23.71,44.0375,0.0,10.0
2019-03-08,jrb,-74.009,40.7012,40.490625,57.051562499999996,5.31875,9.96875
2019-03-08,nyc,-73.9693,40.779,31.285714285714285,43.69,0.0,10.0
2019-03-09,jrb,-74.009,40.7012,45.484848484848484,59.11727272727273,4.948484848484849,9.878787878787879
2019-03-09,nyc,-73.9693,40.779,40.473684210526315,45.79052631578947,0.0,9.631578947368421
2019-03-10,jrb,-74.009,40.7012,53.462025316455694,72.95721518987342,14.33132911392405,6.612341772151899
2019-03-10,nyc,-73.9693,40.779,39.721739130434784,85.12673913043479,0.0,3.9130434782608696
2019-03-11,jrb,-74.009,40.7012,52.67536231884058,67.51869565217392,7.933333333333333,7.818840579710145
2019-03-11,nyc,-73.9693,40.779,46.57692307692308,62.0626923076923,0.0,7.6923076923076925
2019-03-12,jrb,-74.009,40.7012,47.675,53.642999999999994,5.43375,9.9
2019-03-12,nyc,-73.9693,40.779,40.041666666666664,39.84291666666667,7.7625,10.0
2019-03-13,jrb,-74.009,40.7012,44.911764705882355,57.91,6.325,10.0
2019-03-13,nyc,-73.9693,40.779,38.869565217391305,44.84913043478261,3.4499999999999997,9.826086956521738
2019-03-14,jrb,-74.009,40.7012,51.19512195121951,65.50219512195122,5.63780487804878,9.609756097560975
2019-03-14,nyc,-73.9693,40.779,47.52173913043478,54.52695652173912,2.4,10.0
2019-03-15,jrb,-74.009,40.7012,57.556097560975616,72.13682926829269,7.489024390243903,10.0
2019-03-15,nyc,-73.9693,40.779,58.92307692307692,69.33961538461539,1.3711538461538462,9.76923076923077
2019-03-16,jrb,-74.009,40.70119999999999,54.58181818181818,62.04836363636363,7.213636363636364,9.218181818181819
2019-03-16,nyc,-73.9693,40.779,53.193333333333335,53.52333333333333,7.743333333333334,8.191666666666666
2019-03-17,jrb,-74.009,40.7012,45.470588235294116,47.118235294117646,7.170588235294118,10.0
2019-03-17,nyc,-73.9693,40.779,39.083333333333336,33.41166666666667,5.702083333333333,10.0
2019-03-18,jrb,-74.009,40.7012,44.59375,49.42125,6.9359375,10.0
2019-03-18,nyc,-73.9693,40.779,38.0,33.260000000000005,3.066666666666667,10.0
2019-03-19,jrb,-74.009,40.7012,47.27179487179487,57.72717948717949,6.162820512820512,9.692307692307692
2019-03-19,nyc,-73.9693,40.779,41.69565217391305,36.243478260869566,3.0500000000000003,10.0
2019-03-20,jrb,-74.009,40.7012,48.45,64.34125,7.10125,9.925
2019-03-20,nyc,-73.9693,40.779,44.25833333333333,47.4075,2.0125,9.875
2019-03-21,jrb,-74.009,40.70119999999999,53.5,73.53572727272727,11.75090909090909,8.213636363636363
2019-03-21,nyc,-73.9693,40.779,44.325,83.64874999999999,6.75625,5.7
2019-03-22,jrb,-74.009,40.7012,54.13650793650793,72.464708994709,12.339682539682538,5.671957671957672
2019-03-22,nyc,-73.9693,40.779,43.52,83.0272,10.074,5.735
2019-03-23,jrb,-74.009,40.7012,47.57142857142857,55.38285714285714,6.177142857142857,9.942857142857143
2019-03-23,nyc,-73.9693,40.779,40.625,46.104166666666664,10.972916666666668,10.0
2019-03-24,jrb,-74.009,40.7012,50.457142857142856,45.15314285714285,8.51,10.0
2019-03-24,nyc,-73.9693,40.779,47.291666666666664,24.40625,4.504166666666666,10.0
2019-03-25,jrb,-74.009,40.7012,53.38461538461539,52.50051282051282,6.1923076923076925,9.948717948717949
2019-03-25,nyc,-73.9693,40.779,52.458333333333336,35.560833333333335,3.4499999999999997,10.0
2019-03-26,jrb,-74.009,40.7012,50.851063829787236,50.680851063829785,8.53936170212766,9.808510638297872
2019-03-26,nyc,-73.9693,40.779,41.869565217391305,22.6504347826087,7.25,10.0
2019-03-27,jrb,-74.009,40.7012,48.9375,53.815,7.8343750000000005,9.875
2019-03-27,nyc,-73.9693,40.779,39.666666666666664,29.42375,4.6000000000000005,10.0
2019-03-28,jrb,-74.009,40.7012,49.358139534883726,65.5413953488372,7.702325581395349,9.44186046511628
2019-03-28,nyc,-73.9693,40.779,43.35,53.175,1.3225000000000002,10.0
2019-03-29,jrb,-74.009,40.7012,53.525,66.8325,5.43375,9.85
2019-03-29,nyc,-73.9693,40.779,53.04545454545455,56.75454545454545,1.7772727272727273,10.0
2019-03-30,jrb,-74.009,40.7012,56.34782608695652,67.41260869565217,6.325,9.521739130434783
2019-03-30,nyc,-73.9693,40.779,58.869565217391305,57.24521739130435,2.5,10.0
2019-03-31,jrb,-74.009,40.70119999999999,54.92727272727273,70.97,5.75,9.745454545454546
2019-03-31,nyc,-73.9693,40.779,54.58518518518518,64.06444444444445,4.642592592592592,9.25925925925926
2019-04-01,jrb,-74.009,40.7012,47.421052631578945,52.215789473684204,5.326315789473685,10.0
2019-04-01,nyc,-73.9693,40.779,39.958333333333336,38.192083333333336,7.810416666666666,10.0
2019-04-02,jrb,-74.009,40.70120000000001,51.857142857142854,57.77214285714285,5.010714285714286,10.0
2019-04-02,nyc,-73.9693,40.779,44.19047619047619,39.82285714285714,2.8476190476190473,10.0
2019-04-03,jrb,-74.009,40.70120000000001,51.857142857142854,57.77214285714285,5.010714285714286,10.0
2019-04-03,nyc,-73.9693,40.779,50.5037037037037,51.69555555555556,6.559259259259259,10.0
2019-04-04,jrb,-74.009,40.7012,54.121212121212125,45.60545454545455,6.690909090909091,10.0
2019-04-04,nyc,-73.9693,40.779,52.291666666666664,22.815416666666668,6.277083333333334,10.0
2019-04-05,jrb,-74.009,40.7012,48.68,60.02066666666666,9.915555555555555,9.933333333333334
2019-04-05,nyc,-73.9693,40.779,41.51724137931034,49.51,5.75,9.172413793103448
2019-04-06,jrb,-74.009,40.7012,54.55277777777778,71.79805555555555,6.117361111111111,8.055555555555555
2019-04-06,nyc,-73.9693,40.779,47.93157894736842,76.94342105263158,3.4197368421052627,5.743421052631579
2019-04-07,jrb,-74.009,40.7012,56.55882352941177,60.84735294117647,5.513235294117647,10.0
2019-04-07,nyc,-73.9693,40.779,58.40909090909091,49.16136363636363,1.8295454545454546,10.0
2019-04-08,jrb,-74.009,40.7012,57.66024096385542,72.5689156626506,5.902409638554216,8.614457831325302
2019-04-08,nyc,-73.9693,40.779,60.65555555555555,72.9863888888889,1.884722222222222,7.013888888888889
2019-04-09,jrb,-74.009,40.7012,53.694117647058825,76.05294117647058,9.078235294117647,7.511764705882353
2019-04-09,nyc,-73.9693,40.779,48.75,83.53361111111111,3.9930555555555554,6.215277777777778
2019-04-10,jrb,-74.009,40.7012,55.18507462686567,66.23074626865672,5.217910447761194,8.671641791044776
2019-04-10,nyc,-73.9693,40.779,51.48,56.0352,5.152,8.64
2019-04-11,jrb,-74.009,40.7012,51.95744680851064,58.9895744680851,7.829787234042553,9.76595744680851
2019-04-11,nyc,-73.9693,40.779,46.0,37.08583333333333,4.120833333333334,10.0
2019-04-12,jrb,-74.009,40.7012,54.26341463414634,64.95682926829268,6.8999999999999995,9.658536585365853
2019-04-12,nyc,-73.9693,40.779,52.62307692307692,55.87884615384615,3.3615384615384616,9.538461538461538
2019-04-13,jrb,-74.009,40.7012,59.073786407766995,74.32533980582524,5.2364077669902915,8.563106796116505
2019-04-13,nyc,-73.9693,40.779,62.24166666666667,79.894375,1.4375,6.6875
2019-04-14,jrb,-74.009,40.7012,59.77882352941176,77.82964705882353,3.774705882352941,5.234941176470588
2019-04-14,nyc,-73.9693,40.779,67.12121212121212,73.73151515151515,1.9166666666666667,9.303030303030303
2019-04-15,jrb,-74.009,40.7012,57.50344827586206,74.7828448275862,9.150431034482759,7.752155172413793
2019-04-15,nyc,-73.9693,40.779,57.729729729729726,73.44756756756756,5.2527027027027025,6.9391891891891895
2019-04-16,jrb,-74.009,40.7012,55.0,51.43575,7.15875,10.0
2019-04-16,nyc,-73.9693,40.779,52.416666666666664,31.46083333333333,8.529166666666667,10.0
2019-04-17,jrb,-74.009,40.7012,55.26829268292683,57.893170731707315,7.2926829268292686,9.853658536585366
2019-04-17,nyc,-73.9693,40.779,54.625,42.96541666666667,4.45625,10.0
2019-04-18,jrb,-74.009,40.7012,55.7,69.73261904761905,7.639285714285715,9.857142857142858
2019-04-18,nyc,-73.9693,40.779,55.37241379310345,63.11827586206897,3.013793103448276,9.827586206896552
2019-04-19,jrb,-74.009,40.7012,62.346666666666664,74.04955555555556,7.155555555555556,9.71111111111111
2019-04-19,nyc,-73.9693,40.779,66.65185185185184,72.2237037037037,2.3425925925925926,9.88888888888889
2019-04-20,jrb,-74.009,40.7012,58.20863309352518,76.18438848920863,6.494604316546763,8.0
2019-04-20,nyc,-73.9693,40.779,58.02040816326531,73.7608163265306,2.722448979591837,5.76530612244898
2019-04-21,jrb,-74.009,40.7012,57.66470588235294,73.53235294117647,6.561764705882353,10.0
2019-04-21,nyc,-73.9693,40.779,57.5,74.15666666666667,2.3958333333333335,10.0
2019-04-22,jrb,-74.009,40.7012,57.326829268292684,72.66036585365853,4.852439024390244,8.512195121951219
2019-04-22,nyc,-73.9693,40.779,56.95882352941176,74.11352941176472,4.0588235294117645,7.014705882352941
2019-04-23,jrb,-74.009,40.7012,59.78695652173913,69.41499999999999,5.25,9.565217391304348
2019-04-23,nyc,-73.9693,40.779,63.68181818181818,61.449090909090906,1.8295454545454546,9.954545454545455
2019-04-24,jrb,-74.009,40.7012,61.53333333333333,60.01711111111111,6.312222222222222,9.755555555555556
2019-04-24,nyc,-73.9693,40.779,64.61538461538461,51.89807692307692,4.467307692307693,9.384615384615385
2019-04-25,jrb,-74.009,40.7012,56.709523809523816,64.2357142857143,6.7630952380952385,9.904761904761905
2019-04-25,nyc,-73.9693,40.779,56.333333333333336,54.41708333333333,3.689583333333333,9.875
2019-04-26,jrb,-74.009,40.7012,56.42063492063492,76.22547619047619,10.176587301587302,7.847222222222222
2019-04-26,nyc,-73.9693,40.779,53.05769230769231,92.27307692307691,4.776923076923077,5.235576923076923
2019-04-27,jrb,-74.009,40.7012,56.58636363636364,66.98340909090909,10.245454545454546,9.920454545454545
2019-04-27,nyc,-73.9693,40.779,54.45,66.51875,5.8578125,8.140625
2019-04-28,jrb,-74.009,40.7012,53.56363636363637,65.65386363636364,6.769318181818182,10.0
2019-04-28,nyc,-73.9693,40.779,50.08,62.75719999999999,4.6,10.0
2019-04-29,jrb,-74.009,40.7012,53.12682926829268,58.69560975609756,7.152439024390244,9.951219512195122
2019-04-29,nyc,-73.9693,40.779,49.791666666666664,48.729166666666664,2.4916666666666667,10.0
2019-04-30,jrb,-74.009,40.7012,55.123913043478254,76.30293478260869,4.2,7.622282608695652
2019-04-30,nyc,-73.9693,40.779,51.77777777777778,84.81583333333333,1.4694444444444443,6.333333333333333
2019-05-01,jrb,-74.009,40.7012,54.90344827586207,73.41724137931034,8.446551724137931,7.7844827586206895
2019-05-01,nyc,-73.9693,40.779,53.42758620689656,71.83137931034483,2.8948275862068966,9.586206896551724
2019-05-02,jrb,-74.009,40.7012,56.46851851851852,76.07722222222222,5.568981481481482,5.465277777777778
2019-05-02,nyc,-73.9693,40.779,56.34634146341463,83.70243902439024,1.9353658536585365,4.280487804878049
2019-05-03,jrb,-74.009,40.7012,55.60476190476191,76.4275,7.064285714285714,7.583333333333333
2019-05-03,nyc,-73.9693,40.779,52.892307692307696,85.81282051282052,2.948717948717949,6.923076923076923
2019-05-04,jrb,-74.009,40.7012,56.67339449541284,79.7797247706422,3.1123853211009176,4.435779816513762
2019-05-04,nyc,-73.9693,40.779,57.17083333333333,90.70708333333334,0.9583333333333334,2.84375
2019-05-05,jrb,-74.009,40.7012,56.649142857142856,74.26657142857142,9.075142857142858,5.974285714285714
2019-05-05,nyc,-73.9693,40.779,55.28627450980392,94.39117647058823,5.141176470588235,4.151960784313726
2019-05-06,jrb,-74.009,40.7012,57.079069767441865,71.20046511627906,9.881976744186046,8.80232558139535
2019-05-06,nyc,-73.9693,40.779,56.333333333333336,76.44066666666667,4.676666666666667,8.85
2019-05-07,jrb,-74.009,40.7012,58.63673469387755,69.56938775510204,5.86734693877551,9.53061224489796
2019-05-07,nyc,-73.9693,40.779,60.65833333333333,66.26708333333333,1.6770833333333333,10.0
2019-05-08,jrb,-74.009,40.7012,59.86896551724138,69.80224137931035,7.197413793103448,9.379310344827585
2019-05-08,nyc,-73.9693,40.779,60.44516129032258,73.57096774193548,3.8951612903225805,8.32258064516129
2019-05-09,jrb,-74.009,40.7012,56.71052631578947,68.89894736842105,10.289473684210526,10.0
2019-05-09,nyc,-73.9693,40.779,55.875,63.945,3.9291666666666667,10.0
2019-05-10,jrb,-74.009,40.7012,59.44561403508772,74.03614035087719,5.951754385964913,9.166666666666666
2019-05-10,nyc,-73.9693,40.779,61.096774193548384,77.72967741935483,1.9661290322580645,8.766129032258064
2019-05-11,jrb,-74.009,40.7012,61.172,65.7098,5.542999999999999,9.78
2019-05-11,nyc,-73.9693,40.779,64.3076923076923,60.675384615384615,3.0519230769230767,10.0
2019-05-12,jrb,-74.009,40.7012,55.74526315789474,73.3208947368421,14.229736842105263,6.928947368421053
2019-05-12,nyc,-73.9693,40.779,48.574285714285715,92.01214285714286,7.9350000000000005,4.075
2019-05-13,jrb,-74.009,40.7012,54.8502994011976,74.7702994011976,11.355389221556885,6.649700598802395
2019-05-13,nyc,-73.9693,40.779,45.662295081967216,94.43540983606557,5.63688524590164,5.127049180327869
2019-05-14,jrb,-74.009,40.7012,53.88282828282828,76.67414141414142,6.656060606060606,7.709595959595959
2019-05-14,nyc,-73.9693,40.779,47.16734693877551,90.63306122448981,2.323469387755102,6.581632653061225
2019-05-15,jrb,-74.009,40.7012,55.996,70.3346,4.6,9.78
2019-05-15,nyc,-73.9693,40.779,51.51891891891892,77.59945945945947,2.983783783783784,8.72972972972973
2019-05-16,jrb,-74.009,40.7012,60.12592592592593,64.87074074074074,5.537037037037037,9.75925925925926
2019-05-16,nyc,-73.9693,40.779,62.791666666666664,56.54791666666667,3.3541666666666665,9.666666666666666
2019-05-17,jrb,-74.009,40.7012,62.32244897959184,65.13612244897959,6.641836734693877,9.89795918367347
2019-05-17,nyc,-73.9693,40.779,67.75,56.535,3.9291666666666667,10.0
2019-05-18,jrb,-74.009,40.7012,60.98076923076923,63.62,4.400961538461538,9.317307692307692
2019-05-18,nyc,-73.9693,40.779,65.45833333333333,52.928333333333335,3.0666666666666664,9.916666666666666
2019-05-19,jrb,-74.009,40.7012,62.390243902439025,68.99731707317073,6.058536585365854,9.926829268292684
2019-05-19,nyc,-73.9693,40.779,67.21739130434783,66.22869565217391,2.25,10.0
2019-05-20,jrb,-74.009,40.7012,66.13207547169812,71.72188679245282,9.308490566037737,9.943396226415095
2019-05-20,nyc,-73.9693,40.779,74.03571428571429,74.50392857142857,4.189285714285714,8.142857142857142
2019-05-21,jrb,-74.009,40.7012,62.24,57.306599999999996,7.475,9.92
2019-05-21,nyc,-73.9693,40.779,66.125,40.83083333333334,5.654166666666666,10.0
2019-05-22,jrb,-74.009,40.7012,63.114285714285714,48.672285714285714,5.684285714285714,10.0
2019-05-22,nyc,-73.9693,40.779,64.04347826086956,36.64434782608696,3.85,10.0
2019-05-23,jrb,-74.009,40.7012,59.92098765432099,70.55654320987654,6.161728395061728,8.854938271604938
2019-05-23,nyc,-73.9693,40.779,63.17222222222222,74.58194444444445,3.322222222222222,7.333333333333333
2019-05-24,jrb,-74.009,40.7012,64.93333333333334,67.34974358974358,6.605128205128206,10.0
2019-05-24,nyc,-73.9693,40.779,68.73913043478261,64.70739130434782,6.6000000000000005,9.695652173913043
2019-05-25,jrb,-74.009,40.7012,60.72093023255814,65.49046511627907,7.836046511627907,9.511627906976743
2019-05-25,nyc,-73.9693,40.779,62.958333333333336,60.085,3.1625,10.0
2019-05-26,jrb,-74.009,40.7012,64.19615384615385,71.40384615384616,7.873076923076923,9.259615384615385
2019-05-26,nyc,-73.9693,40.779,68.64571428571428,72.82771428571428,4.6,8.664285714285715
2019-05-27,jrb,-74.009,40.7012,64.52173913043478,64.32630434782608,5.3,9.869565217391305
2019-05-27,nyc,-73.9693,40.779,72.25,55.72458333333333,4.072916666666667,9.916666666666666
2019-05-28,jrb,-74.009,40.7012,62.33968253968254,71.60269841269842,5.804761904761905,8.865079365079366
2019-05-28,nyc,-73.9693,40.779,66.52222222222223,74.86250000000001,3.4819444444444443,8.770833333333334
2019-05-29,jrb,-74.009,40.70119999999999,59.57818181818182,76.45863636363636,7.8513636363636365,7.390909090909091
2019-05-29,nyc,-73.9693,40.779,63.4,87.9779069767442,4.305813953488372,5.825581395348837
2019-05-30,jrb,-74.009,40.7012,58.55806451612903,77.11338709677419,5.119354838709677,6.298387096774194
2019-05-30,nyc,-73.9693,40.779,60.819607843137256,90.56019607843136,2.9313725490196076,4.0931372549019605
2019-05-31,jrb,-74.009,40.7012,60.96989247311828,73.39440860215053,5.824193548387097,7.887096774193548
2019-05-31,nyc,-73.9693,40.779,66.56744186046512,85.64651162790697,1.9255813953488372,4.761627906976744
2019-06-01,jrb,-74.009,40.7012,65.97058823529412,64.85411764705883,5.851470588235294,9.852941176470589
2019-06-01,nyc,-73.9693,40.779,71.04347826086956,60.01739130434783,3.0,10.0
2019-06-02,jrb,-74.009,40.7012,64.86222222222223,70.19466666666666,5.596666666666667,9.044444444444444
2019-06-02,nyc,-73.9693,40.779,70.77777777777777,72.76666666666667,2.5981481481481485,6.981481481481482
2019-06-03,jrb,-74.009,40.7012,61.9962962962963,62.76444444444444,7.049074074074074,9.25
2019-06-03,nyc,-73.9693,40.779,64.2258064516129,61.627741935483876,5.712903225806452,7.911290322580645
2019-06-04,jrb,-74.009,40.7012,61.61538461538461,54.55282051282051,7.607692307692307,9.846153846153847
2019-06-04,nyc,-73.9693,40.779,62.08695652173913,43.47,2.6,10.0
2019-06-05,jrb,-74.009,40.7012,66.42424242424242,64.36484848484848,6.551515151515151,10.0
2019-06-05,nyc,-73.9693,40.779,70.66666666666667,56.35208333333333,3.7854166666666664,9.875
2019-06-06,jrb,-74.009,40.7012,65.3108108108108,74.8018918918919,6.806756756756757,8.878378378378379
2019-06-06,nyc,-73.9693,40.779,74.36666666666666,76.23416666666667,4.823611111111111,7.944444444444445
2019-06-07,jrb,-74.009,40.7012,64.77551020408163,67.82061224489796,6.031632653061225,9.959183673469388
2019-06-07,nyc,-73.9693,40.779,72.82608695652173,63.43869565217391,2.45,10.0
2019-06-08,jrb,-74.009,40.7012,63.09803921568628,65.87980392156862,8.726470588235294,9.627450980392156
2019-06-08,nyc,-73.9693,40.779,71.82608695652173,55.88826086956522,5.5,9.521739130434783
2019-06-09,jrb,-74.009,40.7012,65.22222222222223,57.90888888888888,9.359722222222222,10.0
2019-06-09,nyc,-73.9693,40.779,68.25,48.17416666666667,5.797916666666667,10.0
2019-06-10,jrb,-74.009,40.7012,59.88823529411765,75.88029411764705,11.051838235294117,4.818014705882353
2019-06-10,nyc,-73.9693,40.779,63.48085106382978,85.65234042553192,7.413829787234042,4.49468085106383
2019-06-11,jrb,-74.009,40.7012,62.74347826086956,73.78097826086956,2.9499999999999997,6.529891304347826
2019-06-11,nyc,-73.9693,40.779,69.5,81.60833333333333,4.216666666666667,4.880952380952381
2019-06-12,jrb,-74.009,40.7012,65.05714285714286,55.41542857142857,6.67,9.914285714285715
2019-06-12,nyc,-73.9693,40.779,67.08333333333333,46.59125,4.0249999999999995,10.0
2019-06-13,jrb,-74.009,40.7012,59.05084745762712,72.63220338983051,14.160593220338983,6.942796610169491
2019-06-13,nyc,-73.9693,40.779,61.26829268292683,79.30536585365854,6.95609756097561,7.359756097560975
2019-06-14,jrb,-74.009,40.7012,59.86913580246913,70.65703703703703,9.895679012345678,8.969135802469136
2019-06-14,nyc,-73.9693,40.779,62.87428571428571,77.78457142857143,4.402857142857143,6.9
2019-06-15,jrb,-74.009,40.7012,64.75555555555556,58.93133333333333,9.762222222222222,9.911111111111111
2019-06-15,nyc,-73.9693,40.779,70.66666666666667,44.22958333333333,3.7854166666666664,10.0
2019-06-16,jrb,-74.009,40.7012,68.13513513513513,66.84864864864865,7.77027027027027,10.0
2019-06-16,nyc,-73.9693,40.779,72.79166666666667,66.86,4.552083333333333,10.0
2019-06-17,jrb,-74.009,40.7012,66.16,77.38044444444444,4.088888888888889,9.688888888888888
2019-06-17,nyc,-73.9693,40.779,72.275,78.4175,2.3,9.84375
2019-06-18,jrb,-74.009,40.7012,61.366666666666674,77.48647435897435,3.103525641025641,4.291666666666667
2019-06-18,nyc,-73.9693,40.779,70.78666666666666,91.68533333333333,1.6099999999999999,3.279166666666667
2019-06-19,jrb,-74.009,40.7012,60.584158415841586,77.15960396039604,6.0232673267326735,6.957920792079208
2019-06-19,nyc,-73.9693,40.779,67.81694915254236,93.95559322033898,3.157627118644068,2.8983050847457625
2019-06-20,jrb,-74.009,40.7012,57.1787610619469,70.00035398230088,6.299557522123894,4.466814159292035
2019-06-20,nyc,-73.9693,40.779,69.77377049180328,94.09098360655739,2.8278688524590163,2.459016393442623
2019-06-21,jrb,-74.009,40.7012,58.36708860759494,67.78632911392405,5.8955696202531644,7.2974683544303796
2019-06-21,nyc,-73.9693,40.779,69.55849056603773,87.11603773584906,4.491509433962264,6.160377358490566
2019-06-22,jrb,-74.009,40.7012,68.11428571428571,55.17657142857143,4.238571428571428,9.82857142857143
2019-06-22,nyc,-73.9693,40.779,71.65217391304348,46.20608695652174,5.6000000000000005,10.0
2019-06-23,jrb,-74.009,40.7012,70.47058823529412,52.544411764705885,5.783823529411765,10.0
2019-06-23,nyc,-73.9693,40.779,73.125,45.405,3.641666666666667,9.958333333333334
2019-06-24,jrb,-74.009,40.7012,68.6,60.26525,6.842499999999999,9.925
2019-06-24,nyc,-73.9693,40.779,76.04166666666667,48.60833333333333,2.3958333333333335,10.0
2019-06-25,jrb,-74.009,40.7012,66.92631578947368,77.39355263157894,4.2671052631578945,7.578947368421052
2019-06-25,nyc,-73.9693,40.779,74.715,85.0995,2.07,5.675
2019-06-26,jrb,-74.009,40.7012,68.04166666666667,66.01229166666666,6.492708333333333,9.75
2019-06-26,nyc,-73.9693,40.779,78.27826086956522,65.37260869565218,2.8000000000000003,9.043478260869565
2019-06-27,jrb,-74.009,40.7012,73.94444444444444,58.65166666666667,4.472222222222222,9.916666666666666
2019-06-27,nyc,-73.9693,40.779,81.6086956521739,48.98130434782608,3.1,10.0
2019-06-28,jrb,-74.009,40.7012,69.10416666666667,60.14875,6.708333333333333,9.75
2019-06-28,nyc,-73.9693,40.779,81.0,46.68130434782609,1.55,10.0
2019-06-29,jrb,-74.009,40.7012,69.27692307692308,66.53423076923076,6.855769230769231,9.711538461538462
2019-06-29,nyc,-73.9693,40.779,80.11538461538461,62.73692307692308,3.582692307692308,9.067307692307692
2019-06-30,jrb,-74.009,40.7012,72.58064516129032,64.6616129032258,5.787096774193548,10.0
2019-06-30,nyc,-73.9693,40.779,76.04166666666667,62.6175,5.75,9.635416666666666
2019-07-01,jrb,-74.009,40.7012,65.62264150943396,62.293207547169814,6.335849056603774,9.924528301886792
2019-07-01,nyc,-73.9693,40.779,74.33333333333333,52.66291666666667,4.45625,10.0
2019-07-02,jrb,-74.009,40.7012,72.875,61.4759375,5.678125,9.96875
2019-07-02,nyc,-73.9693,40.779,78.4090909090909,53.725,2.9795454545454545,9.954545454545455
2019-07-03,jrb,-74.009,40.7012,66.84905660377359,68.07283018867923,5.880188679245283,9.867924528301886
2019-07-03,nyc,-73.9693,40.779,79.52173913043478,66.28869565217391,1.8499999999999999,10.0
2019-07-04,jrb,-74.009,40.7012,68.55,68.94791666666667,4.3125,9.1875
2019-07-04,nyc,-73.9693,40.779,80.16666666666667,61.46375,2.347916666666667,8.708333333333334
2019-07-05,jrb,-74.009,40.70120000000001,68.95,74.9380357142857,3.942857142857143,8.464285714285714
2019-07-05,nyc,-73.9693,40.779,77.53125,76.6096875,2.44375,8.875
2019-07-06,jrb,-74.009,40.7012,70.19682539682539,75.33587301587302,5.640476190476191,8.948412698412698
2019-07-06,nyc,-73.9693,40.779,80.26206896551724,78.00758620689655,3.4896551724137934,9.310344827586206
2019-07-07,jrb,-74.009,40.7012,70.97368421052632,69.98210526315789,7.747368421052631,9.947368421052632
2019-07-07,nyc,-73.9693,40.779,78.54166666666667,69.23625,4.264583333333333,10.0
2019-07-08,jrb,-74.009,40.7012,65.73461538461538,69.74730769230769,5.639423076923077,9.76923076923077
2019-07-08,nyc,-73.9693,40.779,72.45,72.59400000000001,2.875,9.75
2019-07-09,jrb,-74.009,40.7012,70.02702702702703,64.89270270270269,5.47027027027027,9.891891891891891
2019-07-09,nyc,-73.9693,40.779,77.66666666666667,60.119166666666665,3.0666666666666664,9.708333333333334
2019-07-10,jrb,-74.009,40.7012,69.21739130434783,67.68673913043479,5.4,9.76086956521739
2019-07-10,nyc,-73.9693,40.779,80.8695652173913,57.78652173913043,1.95,10.0
2019-07-11,jrb,-74.009,40.7012,65.21463414634147,72.93670731707317,5.946341463414634,7.737804878048781
2019-07-11,nyc,-73.9693,40.779,76.78333333333333,79.92027777777778,3.609722222222222,6.208333333333333
2019-07-12,jrb,-74.009,40.7012,65.98924731182795,75.57215053763441,5.51505376344086,8.123655913978494
2019-07-12,nyc,-73.9693,40.779,75.67727272727274,83.71454545454546,3.789772727272727,7.528409090909091
2019-07-13,jrb,-74.009,40.7012,71.21621621621621,63.82324324324325,5.967567567567568,9.72972972972973
2019-07-13,nyc,-73.9693,40.779,77.70833333333333,60.350833333333334,3.88125,10.0
2019-07-14,jrb,-74.009,40.7012,76.54838709677419,58.92741935483871,5.490322580645161,10.0
2019-07-14,nyc,-73.9693,40.779,82.04166666666667,51.03375,4.216666666666667,10.0
2019-07-15,jrb,-74.009,40.7012,69.4,58.938222222222215,5.06,9.844444444444445
2019-07-15,nyc,-73.9693,40.779,78.4090909090909,47.465,3.5545454545454547,10.0
2019-07-16,jrb,-74.009,40.7012,69.93478260869566,63.68630434782608,5.7,9.695652173913043
2019-07-16,nyc,-73.9693,40.779,81.73913043478261,51.33391304347826,2.4,10.0
2019-07-17,jrb,-74.009,40.7012,71.11666666666666,68.38458333333334,6.876041666666667,9.541666666666666
2019-07-17,nyc,-73.9693,40.779,85.56521739130434,61.51130434782608,4.05,9.565217391304348
2019-07-18,jrb,-74.009,40.7012,64.50140845070423,78.35978873239436,6.195422535211268,8.09330985915493
2019-07-18,nyc,-73.9693,40.779,74.81212121212121,93.84590909090909,3.362878787878788,4.863636363636363
2019-07-19,jrb,-74.009,40.7012,66.92258064516129,74.30483870967741,8.27258064516129,9.451612903225806
2019-07-19,nyc,-73.9693,40.779,79.36666666666666,77.95708333333333,3.9770833333333333,9.5
2019-07-20,jrb,-74.009,40.7012,75.70270270270271,67.47324324324323,7.0864864864864865,9.72972972972973
2019-07-20,nyc,-73.9693,40.779,86.66666666666667,63.45583333333334,4.504166666666667,9.791666666666666
2019-07-21,jrb,-74.009,40.7012,79.23529411764706,65.21529411764706,7.272058823529412,10.0
2019-07-21,nyc,-73.9693,40.779,88.56521739130434,61.971304347826084,3.65,9.956521739130435
2019-07-22,jrb,-74.009,40.7012,68.57727272727273,72.97204545454545,5.998295454545455,6.667613636363637
2019-07-22,nyc,-73.9693,40.779,78.51052631578948,79.31815789473684,3.8131578947368423,6.276315789473684
2019-07-23,jrb,-74.009,40.7012,64.1608695652174,78.03108695652173,5.6375,8.53804347826087
2019-07-23,nyc,-73.9693,40.779,70.89090909090909,90.23590909090909,4.443181818181818,7.4147727272727275
2019-07-24,jrb,-74.009,40.7012,68.012,71.4382,5.497000000000001,9.46
2019-07-24,nyc,-73.9693,40.779,72.56129032258065,74.30000000000001,2.9306451612903226,9.870967741935484
2019-07-25,jrb,-74.009,40.7012,68.54347826086956,63.38891304347826,6.325,9.847826086956522
2019-07-25,nyc,-73.9693,40.779,76.6608695652174,54.32043478260869,1.9000000000000001,9.608695652173912
2019-07-26,jrb,-74.009,40.7012,68.45652173913044,63.63173913043478,6.675,9.978260869565217
2019-07-26,nyc,-73.9693,40.779,77.3913043478261,56.61,1.6500000000000001,10.0
2019-07-27,jrb,-74.009,40.7012,69.30952380952381,65.92285714285714,5.969047619047619,9.452380952380953
2019-07-27,nyc,-73.9693,40.779,77.27272727272727,58.91272727272727,2.090909090909091,10.0
2019-07-28,jrb,-74.009,40.7012,71.75,66.125,7.347222222222222,10.0
2019-07-28,nyc,-73.9693,40.779,79.712,61.276,4.922,10.0
2019-07-29,jrb,-74.009,40.7012,71.75416666666666,64.94833333333334,5.582291666666666,9.75
2019-07-29,nyc,-73.9693,40.779,81.86363636363636,60.85590909090909,4.129545454545454,10.0
2019-07-30,jrb,-74.009,40.7012,69.86923076923077,68.31192307692308,6.0375,8.990384615384615
2019-07-30,nyc,-73.9693,40.779,83.96,61.6404,3.4960000000000004,9.44
2019-07-31,jrb,-74.009,40.7012,65.4231884057971,71.15840579710144,5.666666666666667,8.521739130434783
2019-07-31,nyc,-73.9693,40.779,76.14193548387097,73.90483870967742,3.22741935483871,7.217741935483871
2019-08-01,jrb,-74.009,40.7012,70.36842105263158,66.585,4.5394736842105265,9.473684210526315
2019-08-01,nyc,-73.9693,40.779,76.72,70.0496,2.484,8.02
2019-08-02,jrb,-74.009,40.7012,68.97727272727273,64.20318181818182,6.168181818181818,9.931818181818182
2019-08-02,nyc,-73.9693,40.779,75.575,58.87583333333333,2.827083333333333,10.0
2019-08-03,jrb,-74.009,40.7012,72.09714285714286,71.40885714285714,5.224285714285714,9.914285714285715
2019-08-03,nyc,-73.9693,40.779,77.33333333333333,71.63208333333334,3.3541666666666665,10.0
2019-08-04,jrb,-74.009,40.7012,69.51836734693877,71.95102040816326,6.008163265306122,8.11734693877551
2019-08-04,nyc,-73.9693,40.779,75.60000000000001,75.17607142857142,3.3267857142857147,7.732142857142857
2019-08-05,jrb,-74.009,40.7012,67.67391304347827,66.1308695652174,6.75,9.565217391304348
2019-08-05,nyc,-73.9693,40.779,75.47500000000001,58.13791666666666,4.16875,10.0
2019-08-06,jrb,-74.009,40.7012,70.7,75.42944444444444,5.962962962962963,9.685185185185185
2019-08-06,nyc,-73.9693,40.779,73.6516129032258,84.09645161290324,2.782258064516129,8.008064516129032
2019-08-07,jrb,-74.009,40.7012,66.03762376237624,76.79564356435644,6.9910891089108915,7.965346534653466
2019-08-07,nyc,-73.9693,40.779,74.58749999999999,85.85041666666666,2.7312499999999997,6.770833333333333
2019-08-08,jrb,-74.009,40.7012,67.80677966101695,75.35508474576271,8.011016949152541,9.64406779661017
2019-08-08,nyc,-73.9693,40.779,72.0952380952381,82.46809523809523,3.45,6.214285714285714
2019-08-09,jrb,-74.009,40.7012,68.39090909090909,67.22749999999999,5.593181818181818,9.681818181818182
2019-08-09,nyc,-73.9693,40.779,71.61290322580645,75.82354838709678,3.7838709677419353,8.129032258064516
2019-08-10,jrb,-74.009,40.7012,69.21951219512195,57.3580487804878,6.787804878048781,9.902439024390244
2019-08-10,nyc,-73.9693,40.779,73.70833333333333,49.80375,4.695833333333334,10.0
2019-08-11,jrb,-74.009,40.7012,70.81818181818181,54.513636363636365,5.192424242424242,10.0
2019-08-11,nyc,-73.9693,40.779,71.86363636363636,48.74272727272727,3.0318181818181817,10.0
2019-08-12,jrb,-74.009,40.7012,69.30952380952381,60.88428571428571,7.420238095238095,9.880952380952381
2019-08-12,nyc,-73.9693,40.779,76.0,50.82375,2.779166666666667,10.0
2019-08-13,jrb,-74.009,40.7012,68.94222222222223,72.36111111111111,6.261111111111111,9.6
2019-08-13,nyc,-73.9693,40.779,74.44444444444444,75.09296296296296,3.8333333333333335,9.166666666666666
2019-08-14,jrb,-74.009,40.7012,64.10588235294118,76.03458823529411,5.709411764705883,6.688235294117647
2019-08-14,nyc,-73.9693,40.779,76.4148148148148,77.90703703703703,3.7481481481481485,7.888888888888889
2019-08-15,jrb,-74.009,40.7012,66.58245614035087,73.37684210526315,6.617543859649123,9.456140350877194
2019-08-15,nyc,-73.9693,40.779,75.22758620689655,74.62758620689655,3.6086206896551722,9.10344827586207
2019-08-16,jrb,-74.009,40.7012,68.11764705882354,73.24764705882353,6.651960784313726,9.705882352941176
2019-08-16,nyc,-73.9693,40.779,73.09032258064516,77.2358064516129,3.079032258064516,10.0
2019-08-17,jrb,-74.009,40.7012,72.97674418604652,77.97767441860465,5.91046511627907,9.767441860465116
2019-08-17,nyc,-73.9693,40.779,76.47777777777777,80.98083333333334,3.1305555555555555,9.555555555555555
2019-08-18,jrb,-74.009,40.70120000000001,70.68928571428572,76.07303571428572,4.702678571428572,8.803571428571429
2019-08-18,nyc,-73.9693,40.779,76.62325581395349,84.51046511627906,2.3000000000000003,6.97093023255814
2019-08-19,jrb,-74.009,40.7012,70.56444444444445,72.06288888888889,5.877777777777778,9.4
2019-08-19,nyc,-73.9693,40.779,77.42307692307692,74.35346153846154,2.2115384615384617,10.0
2019-08-20,jrb,-74.009,40.7012,70.28947368421052,66.65947368421052,7.293421052631579,9.605263157894736
2019-08-20,nyc,-73.9693,40.779,80.40833333333333,62.60666666666666,3.0666666666666664,10.0
2019-08-21,jrb,-74.009,40.7012,72.42264150943396,75.06716981132075,5.2075471698113205,8.962264150943396
2019-08-21,nyc,-73.9693,40.779,79.13793103448276,77.78241379310344,2.3000000000000003,7.948275862068965
2019-08-22,jrb,-74.009,40.7012,79.37037037037037,71.58481481481482,6.72962962962963,9.962962962962964
2019-08-22,nyc,-73.9693,40.779,80.5,70.3,4.286363636363636,10.0
2019-08-23,jrb,-74.009,40.7012,66.01,75.23616666666666,4.944999999999999,7.983333333333333
2019-08-23,nyc,-73.9693,40.779,70.22439024390243,86.51146341463415,3.674390243902439,6.0426829268292686
2019-08-24,jrb,-74.009,40.7012,67.56756756756756,60.51378378378378,6.837837837837838,9.945945945945946
2019-08-24,nyc,-73.9693,40.779,69.95652173913044,54.68782608695652,5.45,10.0
2019-08-25,jrb,-74.009,40.7012,66.86341463414634,65.8609756097561,12.481707317073171,10.0
2019-08-25,nyc,-73.9693,40.779,68.8,62.8084,7.636,10.0
2019-08-26,jrb,-74.009,40.7012,63.0,68.24962264150943,10.154716981132076,9.528301886792454
2019-08-26,nyc,-73.9693,40.779,66.42307692307692,64.2473076923077,8.09423076923077,10.0
2019-08-27,jrb,-74.009,40.7012,65.7741935483871,68.42870967741935,6.120967741935484,9.64516129032258
2019-08-27,nyc,-73.9693,40.779,67.81818181818181,68.35363636363637,3.084090909090909,10.0
2019-08-28,jrb,-74.009,40.7012,64.96000000000001,77.0715,7.029375,8.05
2019-08-28,nyc,-73.9693,40.779,70.3170731707317,85.27341463414635,4.123170731707317,8.71951219512195
2019-08-29,jrb,-74.009,40.7012,68.2695652173913,67.54847826086957,4.675,9.891304347826088
2019-08-29,nyc,-73.9693,40.779,72.29285714285714,70.52535714285715,3.778571428571429,10.0
2019-08-30,jrb,-74.009,40.7012,68.25581395348837,62.7460465116279,7.595348837209303,9.930232558139535
2019-08-30,nyc,-73.9693,40.779,75.77391304347826,51.95739130434782,4.05,10.0
2019-08-31,jrb,-74.009,40.7012,72.0909090909091,57.39939393939393,5.262121212121213,9.969696969696969
2019-08-31,nyc,-73.9693,40.779,75.6086956521739,50.7804347826087,4.45,10.0
2019-09-01,jrb,-74.009,40.7012,69.65714285714286,61.10257142857143,8.937142857142858,10.0
2019-09-01,nyc,-73.9693,40.779,71.0,55.93625,5.175,10.0
2019-09-02,jrb,-74.009,40.7012,63.75903614457831,76.07204819277108,5.195783132530121,6.846385542168675
2019-09-02,nyc,-73.9693,40.779,70.97222222222223,87.80972222222222,2.7152777777777777,6.256944444444445
2019-09-03,jrb,-74.009,40.7012,68.14666666666666,71.50822222222222,5.801111111111111,9.777777777777779
2019-09-03,nyc,-73.9693,40.779,73.39285714285714,72.7325,3.039285714285714,9.857142857142858
2019-09-04,jrb,-74.009,40.7012,68.4,72.61717391304347,7.55,9.869565217391305
2019-09-04,nyc,-73.9693,40.779,74.30344827586208,74.41137931034483,3.410344827586207,10.0
2019-09-05,jrb,-74.009,40.7012,66.65853658536585,64.6909756097561,7.096341463414634,9.682926829268293
2019-09-05,nyc,-73.9693,40.779,71.04166666666667,58.64083333333334,5.079166666666667,10.0
2019-09-06,jrb,-74.009,40.7012,60.67524752475247,74.08366336633664,14.71089108910891,6.955445544554456
2019-09-06,nyc,-73.9693,40.779,63.87179487179487,80.40769230769232,8.551282051282051,7.737179487179487
2019-09-07,jrb,-74.009,40.7012,62.148148148148145,70.16425925925925,5.025925925925925,9.666666666666666
2019-09-07,nyc,-73.9693,40.779,63.266666666666666,72.066,5.673333333333333,9.666666666666666
2019-09-08,jrb,-74.009,40.7012,68.76666666666667,63.84533333333333,4.446666666666667,10.0
2019-09-08,nyc,-73.9693,40.779,68.63636363636364,61.51318181818181,2.3000000000000003,10.0
2019-09-09,jrb,-74.009,40.7012,67.13888888888889,67.8736111111111,8.433333333333334,9.86111111111111
2019-09-09,nyc,-73.9693,40.779,70.54166666666667,63.28458333333333,4.983333333333333,10.0
2019-09-10,jrb,-74.009,40.7012,65.88571428571429,73.99571428571429,6.219387755102041,9.346938775510203
2019-09-10,nyc,-73.9693,40.779,70.48235294117647,81.54029411764705,1.961764705882353,9.617647058823529
2019-09-11,jrb,-74.009,40.7012,70.8736842105263,73.30684210526316,7.838157894736843,10.0
2019-09-11,nyc,-73.9693,40.779,76.17391304347827,72.63521739130434,5.55,10.0
2019-09-12,jrb,-74.009,40.7012,66.65,73.5240625,9.86484375,8.3359375
2019-09-12,nyc,-73.9693,40.779,74.59512195121951,79.60951219512195,4.880487804878048,7.487804878048781
2019-09-13,jrb,-74.009,40.7012,61.475,71.30265625,12.70390625,8.921875
2019-09-13,nyc,-73.9693,40.779,63.53333333333333,75.94636363636364,6.83030303030303,8.530303030303031
2019-09-14,jrb,-74.009,40.7012,64.4093023255814,70.81162790697675,7.140697674418605,9.44186046511628
2019-09-14,nyc,-73.9693,40.779,67.92,70.4404,3.404,10.0
2019-09-15,jrb,-74.009,40.7012,72.61714285714285,70.60657142857143,4.37,10.0
2019-09-15,nyc,-73.9693,40.779,74.47826086956522,65.16173913043478,2.7,9.956521739130435
2019-09-16,jrb,-74.009,40.7012,68.22857142857143,67.74514285714285,3.942857142857143,9.857142857142858
2019-09-16,nyc,-73.9693,40.779,72.96521739130435,63.313478260869566,1.7,10.0
2019-09-17,jrb,-74.009,40.7012,66.62380952380951,59.98571428571429,8.734523809523811,9.880952380952381
2019-09-17,nyc,-73.9693,40.779,69.5,48.535,5.989583333333333,10.0
2019-09-18,jrb,-74.009,40.7012,64.46153846153847,66.34820512820512,9.258974358974358,9.897435897435898
2019-09-18,nyc,-73.9693,40.779,64.03703703703704,60.635555555555555,5.451851851851853,10.0
2019-09-19,jrb,-74.009,40.7012,62.108108108108105,58.844054054054055,7.45945945945946,9.891891891891891
2019-09-19,nyc,-73.9693,40.779,60.583333333333336,46.77916666666667,3.689583333333333,10.0
2019-09-20,jrb,-74.009,40.7012,63.6578947368421,61.606842105263155,7.2328947368421055,9.763157894736842
2019-09-20,nyc,-73.9693,40.779,65.625,50.775416666666665,4.552083333333333,10.0
2019-09-21,jrb,-74.009,40.7012,68.90625,59.90625,4.959375,9.875
2019-09-21,nyc,-73.9693,40.779,71.83333333333333,48.51333333333333,2.6833333333333336,10.0
2019-09-22,jrb,-74.009,40.7012,70.96774193548387,66.65774193548387,5.156451612903226,9.96774193548387
2019-09-22,nyc,-73.9693,40.779,75.6923076923077,58.441538461538464,2.9192307692307695,9.615384615384615
2019-09-23,jrb,-74.009,40.7012,71.6969696969697,67.4669696969697,8.049999999999999,9.909090909090908
2019-09-23,nyc,-73.9693,40.779,78.66666666666667,62.43375,4.695833333333334,9.875
2019-09-24,jrb,-74.009,40.7012,66.83720930232558,63.5206976744186,6.793023255813954,9.837209302325581
2019-09-24,nyc,-73.9693,40.779,72.11111111111111,61.7637037037037,6.261111111111112,9.018518518518519
2019-09-25,jrb,-74.009,40.7012,66.66666666666667,59.32666666666667,4.704545454545454,9.909090909090908
2019-09-25,nyc,-73.9693,40.779,68.26086956521739,52.23478260869565,2.65,10.0
2019-09-26,jrb,-74.009,40.7012,66.19500000000001,69.63525,5.29,9.75
2019-09-26,nyc,-73.9693,40.779,70.54166666666667,64.4975,3.88125,9.75
2019-09-27,jrb,-74.009,40.7012,62.04761904761905,73.23380952380951,4.873809523809523,10.0
2019-09-27,nyc,-73.9693,40.779,66.28333333333333,62.68125,2.7312499999999997,10.0
2019-09-28,jrb,-74.009,40.7012,62.04761904761905,73.23380952380951,4.873809523809523,10.0
2019-09-28,nyc,-73.9693,40.779,71.875,67.89041666666667,3.30625,10.0
2019-09-29,jrb,-74.009,40.7012,62.04761904761905,73.23380952380951,4.873809523809523,10.0
2019-09-29,nyc,-73.9693,40.779,74.15652173913043,59.86869565217391,6.1000000000000005,10.0
2019-09-30,jrb,-74.009,40.7012,62.04761904761905,73.23380952380951,4.873809523809523,10.0
2019-09-30,nyc,-73.9693,40.779,64.86666666666667,54.84148148148148,6.431481481481482,10.0
2019-10-01,jrb,-74.009,40.7012,62.04761904761905,73.23380952380951,4.873809523809523,10.0
2019-10-01,nyc,-73.9693,40.779,69.7741935483871,66.02161290322582,2.9306451612903226,10.0
2019-10-02,jrb,-74.009,40.7012,62.04761904761905,73.23380952380951,4.873809523809523,10.0
2019-10-02,nyc,-73.9693,40.779,78.70833333333333,67.25958333333334,5.654166666666666,9.75
2019-10-03,jrb,-74.009,40.7012,62.04761904761905,73.23380952380951,4.873809523809523,10.0
2019-10-03,nyc,-73.9693,40.779,57.27547169811321,91.38830188679245,7.485849056603773,5.132075471698113
2019-10-04,jrb,-74.009,40.7012,62.04761904761905,73.23380952380951,4.873809523809523,10.0
2019-10-04,nyc,-73.9693,40.779,58.87567567567568,81.78567567567568,4.071621621621622,6.054054054054054
2019-10-05,jrb,-74.009,40.7012,62.04761904761905,73.23380952380951,4.873809523809523,10.0
2019-10-05,nyc,-73.9693,40.779,52.0,53.25875,5.941666666666666,10.0
2019-10-06,jrb,-74.009,40.7012,62.04761904761905,73.23380952380951,4.873809523809523,10.0
2019-10-06,nyc,-73.9693,40.779,62.68181818181818,68.90772727272727,2.5090909090909093,9.818181818181818
2019-10-07,jrb,-74.009,40.7012,71.0,78.28,0.0,10.0
2019-10-07,nyc,-73.9693,40.779,71.76190476190476,68.45857142857143,3.2857142857142856,9.761904761904763
2019-10-08,jrb,-74.009,40.7012,60.05,73.07,10.18828125,9.203125
2019-10-08,nyc,-73.9693,40.779,60.27428571428571,80.456,6.308571428571429,7.9714285714285715
2019-10-09,jrb,-74.009,40.7012,57.222988505747125,72.31954022988506,13.614942528735632,6.568965517241379
2019-10-09,nyc,-73.9693,40.779,55.37647058823529,76.37823529411764,10.180882352941175,7.007352941176471
2019-10-10,jrb,-74.009,40.7012,59.78297872340426,64.03106382978723,9.51808510638298,9.787234042553191
2019-10-10,nyc,-73.9693,40.779,58.56428571428571,58.76107142857143,8.994642857142857,10.0
2019-10-11,jrb,-74.009,40.7012,59.18867924528302,61.23207547169811,11.782075471698114,9.566037735849056
2019-10-11,nyc,-73.9693,40.779,59.375,45.53,9.535416666666666,10.0
2019-10-12,jrb,-74.009,40.7012,59.292,67.741,7.521,9.54
2019-10-12,nyc,-73.9693,40.779,59.84,62.0212,4.324000000000001,10.0
2019-10-13,jrb,-74.009,40.7012,60.417647058823526,66.19088235294117,4.498529411764705,9.852941176470589
2019-10-13,nyc,-73.9693,40.779,59.78260869565217,61.46826086956521,2.9,10.0
2019-10-14,jrb,-74.009,40.7012,60.642105263157895,70.09929824561404,7.565789473684211,9.578947368421053
2019-10-14,nyc,-73.9693,40.779,62.74193548387097,67.19806451612902,2.411290322580645,10.0
2019-10-15,jrb,-74.009,40.7012,59.609756097560975,58.860243902439024,6.451219512195122,9.634146341463415
2019-10-15,nyc,-73.9693,40.779,58.17391304347826,48.95782608695652,3.1999999999999997,10.0
2019-10-16,jrb,-74.009,40.7012,58.96,74.30376470588234,9.768235294117646,9.576470588235294
2019-10-16,nyc,-73.9693,40.779,60.16410256410256,81.79615384615386,4.865384615384615,6.217948717948718
2019-10-17,jrb,-74.009,40.7012,56.566101694915254,70.70186440677966,13.99491525423729,10.0
2019-10-17,nyc,-73.9693,40.779,56.08235294117647,74.82735294117647,9.876470588235295,7.4338235294117645
2019-10-18,jrb,-74.009,40.7012,56.63636363636363,61.46636363636363,5.262121212121213,10.0
2019-10-18,nyc,-73.9693,40.779,53.19130434782609,56.33695652173913,9.15,10.0
2019-10-19,jrb,-74.009,40.7012,54.516129032258064,62.12903225806452,5.564516129032258,10.0
2019-10-19,nyc,-73.9693,40.779,51.8,56.0005,2.8175,10.0
2019-10-20,jrb,-74.009,40.7012,57.15,75.67921875,6.45078125,10.0
2019-10-20,nyc,-73.9693,40.779,54.74418604651163,84.35767441860466,4.894186046511628,5.773255813953488
2019-10-21,jrb,-74.009,40.7012,57.66808510638298,73.50425531914894,8.29468085106383,10.0
2019-10-21,nyc,-73.9693,40.779,54.87317073170732,79.09341463414634,6.114634146341463,9.512195121951219
2019-10-22,jrb,-74.009,40.7012,58.81578947368421,77.74605263157895,9.139473684210527,10.0
2019-10-22,nyc,-73.9693,40.779,57.65581395348837,84.03651162790698,4.305813953488372,6.843023255813954
2019-10-23,jrb,-74.009,40.7012,60.431372549019606,71.33901960784314,8.05,10.0
2019-10-23,nyc,-73.9693,40.779,60.85957446808511,81.17553191489361,5.431914893617021,6.180851063829787
2019-10-24,jrb,-74.009,40.7012,58.94285714285714,55.067142857142855,7.392857142857143,10.0
2019-10-24,nyc,-73.9693,40.779,58.0,41.902727272727276,2.665909090909091,10.0
2019-10-25,jrb,-74.009,40.7012,59.04516129032258,69.57032258064515,6.491935483870968,10.0
2019-10-25,nyc,-73.9693,40.779,58.34782608695652,64.04478260869566,3.65,9.826086956521738
2019-10-26,jrb,-74.009,40.7012,59.588235294117645,65.1020588235294,6.9338235294117645,10.0
2019-10-26,nyc,-73.9693,40.779,58.56521739130435,61.71217391304347,3.3000000000000003,10.0
2019-10-27,jrb,-74.009,40.7012,59.31525423728814,76.95,9.336440677966102,10.0
2019-10-27,nyc,-73.9693,40.779,61.03333333333334,88.64809523809524,5.038095238095238,5.982142857142857
2019-10-28,jrb,-74.009,40.7012,59.354285714285716,72.18714285714286,6.177142857142857,10.0
2019-10-28,nyc,-73.9693,40.779,59.03846153846154,72.22730769230769,3.45,10.0
2019-10-29,jrb,-74.009,40.7012,57.49189189189189,83.71243243243244,8.29864864864865,10.0
2019-10-29,nyc,-73.9693,40.779,56.81428571428571,89.42625,4.291964285714285,4.982142857142857
2019-10-30,jrb,-74.009,40.7012,60.25185185185185,86.32703703703703,7.283333333333333,10.0
2019-10-30,nyc,-73.9693,40.779,59.824137931034485,93.80155172413792,3.410344827586207,3.3879310344827585
2019-10-31,jrb,-74.009,40.7012,62.62083333333334,84.90041666666666,5.366666666666667,10.0
2019-10-31,nyc,-73.9693,40.779,64.30740740740741,94.1675925925926,3.3648148148148147,4.731481481481482
2019-11-01,jrb,-74.009,40.7012,57.564864864864866,67.28121621621621,14.157432432432433,10.0
2019-11-01,nyc,-73.9693,40.779,57.18125,63.8746875,7.61875,9.3671875
2019-11-02,jrb,-74.009,40.7012,51.46875,60.746874999999996,5.175,10.0
2019-11-02,nyc,-73.9693,40.779,46.17391304347826,54.60565217391304,3.75,10.0
2019-11-03,jrb,-74.009,40.7012,52.57000000000001,60.60675,7.590000000000001,10.0
2019-11-03,nyc,-73.9693,40.779,47.916666666666664,51.19375,4.983333333333333,10.0
2019-11-04,jrb,-74.009,40.7012,53.475,58.976,7.27375,10.0
2019-11-04,nyc,-73.9693,40.779,48.5,47.15181818181818,2.665909090909091,10.0
2019-11-05,jrb,-74.009,40.7012,57.12972972972973,71.91162162162162,6.744594594594595,10.0
2019-11-05,nyc,-73.9693,40.779,56.0,65.60000000000001,2.347916666666667,10.0
2019-11-06,jrb,-74.009,40.7012,54.96818181818182,59.059999999999995,8.154545454545454,10.0
2019-11-06,nyc,-73.9693,40.779,50.869565217391305,47.92391304347826,4.6,10.0
2019-11-07,jrb,-74.009,40.7012,54.785714285714285,63.237380952380946,7.694047619047619,10.0
2019-11-07,nyc,-73.9693,40.779,52.041666666666664,50.473333333333336,3.1625,9.5
2019-11-08,jrb,-74.009,40.7012,46.50769230769231,64.89794871794872,5.514102564102564,10.0
2019-11-08,nyc,-73.9693,40.779,38.758620689655174,59.901034482758625,5.8293103448275865,9.758620689655173
2019-11-09,jrb,-74.009,40.7012,41.9375,59.424375,5.4625,10.0
2019-11-09,nyc,-73.9693,40.779,33.504347826086956,49.641304347826086,2.9499999999999997,10.0
2019-11-10,jrb,-74.009,40.7012,49.205882352941174,59.7535294117647,10.113235294117647,10.0
2019-11-10,nyc,-73.9693,40.779,44.36363636363637,46.33090909090909,4.547727272727273,10.0
2019-11-11,jrb,-74.009,40.7012,54.96,65.1648,4.048,10.0
2019-11-11,nyc,-73.9693,40.779,53.09090909090909,57.59818181818182,1.7772727272727273,9.818181818181818
2019-11-12,jrb,-74.009,40.7012,51.25581395348837,70.4406976744186,6.926744186046512,10.0
2019-11-12,nyc,-73.9693,40.779,46.18518518518518,66.58111111111111,7.07037037037037,9.62962962962963
2019-11-13,jrb,-74.009,40.7012,41.02777777777778,57.24944444444444,5.686111111111111,10.0
2019-11-13,nyc,-73.9693,40.779,27.504545454545454,38.65863636363636,7.004545454545454,10.0
2019-11-14,jrb,-74.009,40.7012,44.14705882352941,58.42823529411765,6.9338235294117645,10.0
2019-11-14,nyc,-73.9693,40.779,34.800000000000004,42.765454545454546,3.6068181818181815,10.0
2019-11-15,jrb,-74.009,40.7012,49.0,58.70314285714286,9.725714285714284,10.0
2019-11-15,nyc,-73.9693,40.779,43.52173913043478,43.0595652173913,3.85,10.0
2019-11-16,jrb,-74.009,40.7012,48.69047619047619,54.46642857142857,12.567857142857143,10.0
2019-11-16,nyc,-73.9693,40.779,39.083333333333336,32.766666666666666,8.433333333333334,10.0
2019-11-17,jrb,-74.009,40.7012,45.41052631578947,61.21157894736842,15.585526315789474,10.0
2019-11-17,nyc,-73.9693,40.779,36.17307692307692,46.49038461538461,9.642307692307693,10.0
2019-11-18,jrb,-74.009,40.7012,48.353846153846156,76.38,9.310576923076923,10.0
2019-11-18,nyc,-73.9693,40.779,39.63414634146341,82.93878048780488,7.376829268292683,6.463414634146342
2019-11-19,jrb,-74.009,40.7012,51.25,76.78694444444444,4.903472222222223,10.0
2019-11-19,nyc,-73.9693,40.779,42.082142857142856,86.8442857142857,3.429464285714286,6.035714285714286
2019-11-20,jrb,-74.009,40.7012,47.93846153846154,64.7223076923077,4.688461538461539,10.0
2019-11-20,nyc,-73.9693,40.779,43.628571428571426,62.464285714285715,4.928571428571429,10.0
2019-11-21,jrb,-74.009,40.7012,51.26315789473684,63.47236842105263,6.294736842105263,10.0
2019-11-21,nyc,-73.9693,40.779,45.22727272727273,53.916818181818186,4.6000000000000005,10.0
2019-11-22,jrb,-74.009,40.7012,52.81224489795919,68.97122448979592,7.956122448979592,10.0
2019-11-22,nyc,-73.9693,40.779,49.39259259259259,60.733333333333334,6.857407407407408,9.444444444444445
2019-11-23,jrb,-74.009,40.7012,46.6764705882353,57.21264705882353,6.155882352941177,10.0
2019-11-23,nyc,-73.9693,40.779,40.660869565217396,46.38956521739131,5.35,10.0
2019-11-24,jrb,-74.009,40.7012,52.0,74.65730769230768,11.146153846153846,10.0
2019-11-24,nyc,-73.9693,40.779,42.56,86.86036363636363,6.398181818181818,4.831818181818182
2019-11-25,jrb,-74.009,40.7012,49.611111111111114,68.32472222222222,7.602777777777778,10.0
2019-11-25,nyc,-73.9693,40.779,45.13636363636363,62.084090909090904,4.809090909090909,10.0
2019-11-26,jrb,-74.009,40.7012,53.51428571428571,67.44457142857142,5.914285714285715,10.0
2019-11-26,nyc,-73.9693,40.779,51.73913043478261,58.42521739130434,3.9,9.782608695652174
2019-11-27,jrb,-74.009,40.7012,54.61212121212122,72.03181818181818,4.913636363636364,10.0
2019-11-27,nyc,-73.9693,40.779,54.26206896551724,68.31689655172414,3.6482758620689655,9.53448275862069
2019-11-28,jrb,-74.009,40.7012,53.309090909090905,63.08704545454545,7.7625,10.0
2019-11-28,nyc,-73.9693,40.779,49.52,52.9644,11.776000000000002,10.0
2019-11-29,jrb,-74.009,40.7012,42.793103448275865,61.27965517241379,4.718965517241379,10.0
2019-11-29,nyc,-73.9693,40.779,36.073913043478264,56.434347826086956,5.05,10.0
2019-11-30,jrb,-74.009,40.7012,44.666666666666664,56.17848484848484,6.098484848484849,10.0
2019-11-30,nyc,-73.9693,40.779,36.27916666666667,46.62375,4.552083333333333,10.0
2019-12-01,jrb,-74.009,40.7012,50.17313432835821,68.50402985074626,14.280597014925373,10.0
2019-12-01,nyc,-73.9693,40.779,33.86585365853659,72.62487804878049,9.424390243902439,6.365853658536586
2019-12-02,jrb,-74.009,40.7012,50.26575342465753,76.87054794520549,11.704794520547946,10.0
2019-12-02,nyc,-73.9693,40.779,35.94,89.47725,7.90625,4.7125
2019-12-03,jrb,-74.009,40.7012,41.98695652173913,79.46260869565216,5.125,10.0
2019-12-03,nyc,-73.9693,40.779,33.050000000000004,82.10145833333333,6.444791666666667,5.067708333333333
2019-12-04,jrb,-74.009,40.7012,45.94,72.354,9.084999999999999,10.0
2019-12-04,nyc,-73.9693,40.779,35.18181818181818,71.74409090909091,5.122727272727273,9.045454545454545
2019-12-05,jrb,-74.009,40.7012,45.794444444444444,69.795,8.05,10.0
2019-12-05,nyc,-73.9693,40.779,39.17857142857143,68.02964285714286,8.008928571428571,9.142857142857142
2019-12-06,jrb,-74.009,40.7012,48.07142857142857,62.56547619047619,8.926190476190476,10.0
2019-12-06,nyc,-73.9693,40.779,40.625,50.800000000000004,6.372916666666666,10.0
2019-12-07,jrb,-74.009,40.7012,43.87096774193548,54.61322580645161,4.6,10.0
2019-12-07,nyc,-73.9693,40.779,36.78260869565217,46.92913043478261,8.15,10.0
2019-12-08,jrb,-74.009,40.7012,41.932258064516134,60.78290322580645,5.601612903225806,10.0
2019-12-08,nyc,-73.9693,40.779,33.75454545454546,53.23454545454546,2.3000000000000003,10.0
2019-12-09,jrb,-74.009,40.7012,53.30816326530612,77.54489795918367,6.9,10.0
2019-12-09,nyc,-73.9693,40.779,47.28421052631579,91.46649122807018,3.6921052631578943,3.1666666666666665
2019-12-10,jrb,-74.009,40.7012,55.98285714285714,78.36128571428571,9.742142857142857,10.0
2019-12-10,nyc,-73.9693,40.779,55.225,87.709,5.60625,7.40625
2019-12-11,jrb,-74.009,40.7012,45.96176470588235,75.96264705882353,7.4073529411764705,10.0
2019-12-11,nyc,-73.9693,40.779,35.778571428571425,83.69142857142857,5.133928571428571,6.049107142857143
2019-12-12,jrb,-74.009,40.7012,42.386842105263156,57.72868421052632,7.1118421052631575,10.0
2019-12-12,nyc,-73.9693,40.779,31.12608695652174,43.47782608695652,5.7,10.0
2019-12-13,jrb,-74.009,40.7012,47.23913043478261,74.21630434782608,9.5,10.0
2019-12-13,nyc,-73.9693,40.779,39.90967741935484,76.18645161290323,4.785483870967742,7.645161290322581
2019-12-14,jrb,-74.009,40.7012,54.065168539325846,81.65865168539325,10.685955056179775,10.0
2019-12-14,nyc,-73.9693,40.779,50.31688311688312,95.76701298701299,6.138311688311688,2.8733766233766236
2019-12-15,jrb,-74.009,40.7012,50.70697674418605,65.03837209302326,15.030232558139534,10.0
2019-12-15,nyc,-73.9693,40.779,45.01481481481482,56.72666666666666,9.753703703703705,10.0
2019-12-16,jrb,-74.009,40.7012,44.638888888888886,59.704722222222216,6.293055555555556,10.0
2019-12-16,nyc,-73.9693,40.779,35.63636363636363,46.93181818181818,4.965909090909091,10.0
2019-12-17,jrb,-74.009,40.7012,49.47191011235955,76.56134831460675,12.830898876404495,10.0
2019-12-17,nyc,-73.9693,40.779,34.021875,87.93828125,7.834375,4.71875
2019-12-18,jrb,-74.009,40.70120000000001,41.81785714285714,72.04178571428571,8.830357142857142,10.0
2019-12-18,nyc,-73.9693,40.779,32.753846153846155,73.04230769230769,8.875641025641025,8.782051282051283
2019-12-19,jrb,-74.009,40.7012,39.25116279069767,67.7867441860465,6.4186046511627906,10.0
2019-12-19,nyc,-73.9693,40.779,23.694285714285712,61.44171428571428,9.232857142857142,7.678571428571429
2019-12-20,jrb,-74.009,40.7012,37.9125,61.4275,5.4984375,10.0
2019-12-20,nyc,-73.9693,40.779,27.12857142857143,54.32285714285714,6.352380952380953,10.0
2019-12-21,jrb,-74.009,40.7012,37.77878787878788,66.3978787878788,4.983333333333333,10.0
2019-12-21,nyc,-73.9693,40.779,30.203703703703702,59.26222222222222,2.6833333333333336,9.71
2019-12-22,jrb,-74.009,40.7012,43.06206896551724,67.40068965517241,7.494827586206896,10.0
2019-12-22,nyc,-73.9693,40.779,38.13181818181818,59.183181818181815,4.286363636363636,8.454545454545455
2019-12-23,jrb,-74.009,40.7012,48.75757575757576,60.44121212121212,7.3530303030303035,10.0
2019-12-23,nyc,-73.9693,40.779,46.5,47.83541666666667,4.983333333333333,9.416666666666666
2019-12-24,jrb,-74.009,40.7012,49.60606060606061,57.92848484848484,7.3530303030303035,10.0
2019-12-24,nyc,-73.9693,40.779,44.958333333333336,45.298750000000005,5.75,10.0
2019-12-25,jrb,-74.009,40.7012,45.333333333333336,60.56060606060606,6.098484848484849,10.0
2019-12-25,nyc,-73.9693,40.779,39.56666666666667,51.48374999999999,3.2104166666666667,10.0
2019-12-26,jrb,-74.009,40.7012,45.52105263157895,80.0207894736842,7.868421052631579,10.0
2019-12-26,nyc,-73.9693,40.779,40.12571428571429,81.522,5.848571428571428,7.328571428571428
2019-12-27,jrb,-74.009,40.7012,52.25365853658537,74.60365853658537,7.460975609756097,10.0
2019-12-27,nyc,-73.9693,40.779,49.207142857142856,73.27321428571429,5.051785714285714,9.892857142857142
2019-12-28,jrb,-74.009,40.7012,50.882051282051286,72.4125641025641,6.516666666666667,10.0
2019-12-28,nyc,-73.9693,40.779,48.11538461538461,68.98769230769231,4.157692307692307,8.23076923076923
2019-12-29,jrb,-74.009,40.7012,48.142857142857146,67.13857142857142,6.44,10.0
2019-12-29,nyc,-73.9693,40.779,42.5,62.45636363636363,3.659090909090909,9.227272727272727
2019-12-30,jrb,-74.009,40.7012,49.56981132075472,80.71924528301886,16.013207547169813,10.0
2019-12-30,nyc,-73.9693,40.779,39.7,95.79146341463414,11.27560975609756,2.807926829268293
2019-12-31,jrb,-74.009,40.7012,47.85,78.21265625,10.26015625,10.0
2019-12-31,nyc,-73.9693,40.779,38.5,88.164,5.443333333333333,8.9
