Feature,Component_1,Component_2,Component_3,Component_4,Component_5,Component_6,Component_7,Component_8,Component_9,Component_10,Component_11,Component_12,Component_13,Component_14,Component_15,Component_16,Component_17,Component_18,Component_19,Component_20,Component_21,Component_22,Component_23,Component_24,Component_25,Component_26,Component_27,Component_28,Component_29
total_population,0.061223121907413414,-0.023595857331586888,-0.05866602464678143,-0.031371297791319516,-0.06871724205001184,0.2608387504531238,0.05672813034758814,0.23863199241089986,-0.06052576985827361,0.3042984406538685,0.008374288225942503,-0.2562488094358504,0.27077344097458456,-0.05361217816847301,0.14165266462395193,0.181997109434264,0.44219883387292924,0.055641157272828666,-0.07380470075600315,0.0023824503111991293,0.2564153338972387,0.0858113623113585,0.17469934208746576,-0.05586096063508769,-0.07835237248858494,0.22965682935380452,0.16151535244802068,-0.08831253182447962,-0.007165618552576763
population_density,0.07294872620481418,-0.02351674772340484,-0.08726523968551947,-0.0035110825964200093,-0.09887436621364401,0.2859628460679938,-0.07480262193444834,0.27876096189382604,-0.004878963358129184,0.2947031255498751,-0.0697854322661148,-0.19677736902054993,0.0253824516774041,-0.08234186387167595,0.007246940727734002,0.013055150684482555,-0.013965613021037854,-0.007004840158881816,0.13370654253256883,0.2251747837565677,-0.02131967175389103,0.17335308404634545,-0.25533534797519963,0.06714630486811549,0.0019094037565857043,-0.030899671883963906,-0.259614971417403,0.27988007024231043,0.18946500350631543
male_percent,-0.0751117686897046,-0.03127139584617913,0.03587292801411124,-0.1101223732542922,0.24973635091284774,-0.1436769635356313,-0.07811868163390205,-0.22081715949720176,-0.12089876581185928,0.015164568263747541,-0.16607970569646563,-0.24223797577608708,0.16222770978263787,0.03195015360291335,-0.029840127309206342,0.26267874498885385,-0.12362665389529535,0.12427458505167943,-0.03435491089363585,0.27345068566545705,0.04762562127991002,-0.07501222483485184,0.21362141569971002,0.06425290747335513,0.3554487751496356,0.0680237696461869,-0.24651706204102042,0.13684290890890105,0.08548183376889404
percent_inhouseholds,0.02820638771634401,-0.0186234888221255,0.17208673371438876,-0.203550624588414,-0.21673343846916793,0.020058573026130067,-0.088155896978555,0.13987623014046088,0.04859951067541923,-0.08641646672363083,0.04961350552489302,0.0034792681386046354,0.1635819981974585,0.027481110659021556,-0.0011565967481822065,-0.09709198598666703,-0.04640976205744382,-0.06461619976657959,-0.07991665637602613,0.0826539954835673,0.08475558458601547,-0.0637556799154611,0.08610367878169876,-0.03808327316285979,-0.054020722972441905,-0.03734833178614404,-0.009053015085917854,0.037493213690800976,0.07178465769780717
percent_marriedhouseholds,0.05922635306690799,-0.14548417697853833,0.13634983729615077,0.15115315803875945,-0.06672195629915637,-0.03699665907033778,-0.058505964811603514,0.04551178183355445,0.04538068058645194,0.07886618468807025,-0.06884598897679296,-0.0906019163689798,-0.02442301852395283,0.035065305362724085,0.03928157398999216,-0.004888532594923875,-0.040231105347372315,-0.08897545531478895,-0.01353636029495202,0.11451175277981211,-0.05651436416555097,0.03642990575159311,0.08041979012854669,-0.028555668928149758,0.002875881548898982,-0.10966412093042621,-0.15727116386095039,0.030368758879227284,-0.041442325213227424
percent_cohabitingcouple,-0.12222980792715041,-0.13458646600273128,0.07812413473778174,-0.07650610367811703,-0.051272678222087115,-0.015145559907625394,0.13931350245133806,0.0490278808177915,0.015332657600414565,-0.07214553441741545,-0.04204155283924874,0.0011052853525506112,0.025288035734578773,0.06436881021814071,-0.0628263310802607,-0.019861585835071083,0.020019660295188507,0.11605357313122344,-0.0880694945818476,0.08429581488999344,0.08044938347291897,-0.04124648631253171,0.11497930590283469,-0.019877445389517058,-0.12393269116369016,0.006216099213547391,-0.13534857417575535,-0.025599087589839815,-0.06810290030795735
percent_solomale,0.0015722867335726258,-0.16235757851236107,-0.05219580115069604,-0.14216579743486646,0.10375400473697582,0.20773432378717488,0.060231978344681206,-0.03178455811427516,0.01985683716451328,-0.14748886214817972,-0.10297158109975257,-0.02218550192579813,0.1322251662740958,0.03818785257887654,0.07340525168081662,0.2215660487799172,-0.031966507132639876,0.006200288949930258,-0.044062437309918163,-0.06315459463470133,-0.029019111651345852,0.03533597289855976,0.12423239068473102,0.06991089400287819,0.06051585653040827,0.01790268480825316,-0.08134911525129146,-0.10455716033842767,-0.039993992735045246
percent_solofemale,0.07870445038950351,-0.17255841810780345,-0.03370311952173538,-0.054970877779014715,-0.04250581607921616,0.21630489902923514,0.07044421062543049,0.07758573952990211,0.04544111151844564,-0.02933300590264315,-0.022601789724600252,0.021269510711083066,0.057206269643969944,-0.009090965637243011,-0.0008848560223559399,0.030123574463658168,-0.07938681204787573,-0.012904885862109146,0.06325091702496131,-0.16141212183522533,-0.04675456136598624,0.06570448744329474,-0.04480558932359334,0.019860967145630615,-0.05637714582980245,-0.022995199786866455,-0.0760439835066709,-0.10992594615814764,0.024845336603044017
percent_occupiedhousingunits,-0.029971010607032462,0.11523558204434124,0.05146995883696326,-0.0840081106397787,-0.11933964857987955,-0.03154828249395347,0.03021547038288422,0.19735432421845378,-0.1486138055845859,0.4188540165483068,0.0989720595653823,-0.07194447826015937,-0.21224818939333773,0.1878863996102881,-0.03158370507184748,-0.12597251104223717,-0.12495854514765628,0.3527282813018179,-0.032960963633460134,0.07042675853378291,-0.06470520804331162,-0.26101559760223453,-0.09609461836884114,0.09456611678641844,0.10308432613230115,-0.23444110418619213,0.028180910966334086,-0.1978837740378582,-0.027855497774550028
percent_owneroccupied,0.08755128397589027,-0.11961963359442704,0.07916495039687041,0.1840034689506615,0.022882757721261526,-0.058122422481886704,-0.07848269447720752,0.19325555432105057,0.015357475563365926,-0.11227580390104194,0.012652567418044477,-0.0205340577313477,0.05379832474606194,0.12732512147503683,-0.041780809797032456,-0.03743156101653905,-0.05192368611288896,0.2198719340130953,0.06426946405114561,0.08471344820247181,-0.007506382529131536,-0.1382752286578623,-0.11265376159834556,0.2770921979576524,-0.09551809430660645,0.0910949261672199,0.25336745621049683,0.2437412773217278,0.07950205809563836
percent_renteroccupied,-0.08488994521887742,0.1424557970355141,-0.048759852269419646,-0.18590043737021883,-0.061922765842567264,0.03802305739583084,0.07729039606270283,-0.09347833581148962,-0.06597616017064428,0.2444263510623928,0.02454448010473579,-0.00823266395255387,-0.1212354531416303,-0.04096870187133312,0.02415905532982967,-0.013163146283703658,-0.0005180890882082734,-0.060670802404845466,-0.06622142773896772,-0.04670752744481865,-0.01669536900783375,0.024190369358693675,0.061243312746166866,-0.20116831364917265,0.11769686136986902,-0.1607570811291583,-0.204715446808155,-0.2771149522454213,-0.0773134399987326
median_age,0.1681949766571839,-0.07486970977736332,0.08872345878141315,-0.03685269041560081,-0.009661238281544823,-0.0899051566552893,0.03412447062823709,-0.06040565812417309,-0.05420309707187687,0.03564697477071385,0.004622993706383992,0.003304039833389172,-0.006450864260152955,0.00045556485481296205,-0.0005154745805126537,-0.008375573946544361,0.016929857226311195,-0.018972563641008064,-0.09401986118502878,0.14554869643595045,0.0011309961474716967,-0.0324360088628244,0.012804600334132027,0.012579334945216882,0.021167647494499675,0.04150805304180033,-0.06667728642132695,0.04875396231441605,-0.026458669096328154
percent_under5,-0.029850887773826728,0.09869241414004926,0.1787707542852444,0.1420083305286901,-0.17658140246436918,0.10198724724481063,-0.03532610885558907,-0.10337730102786863,0.06729521054908905,-0.04009392533631512,-0.12086972850338906,-0.17880020672955618,-0.08378505159704422,0.06334836756060183,0.027716314195549957,0.13018786946807362,0.013680367169194407,-0.07294905035098519,0.08692544028950236,-0.06263882827747135,-0.057191210878517695,0.08415032809309073,-0.10326158235631616,0.07430067953404035,0.17747932342603745,-0.020584204872932443,0.06723123401222267,-0.021414013144659183,-0.09020261584583372
percent_5to9,0.025625740843983773,0.16968779156403863,0.14789305504016093,0.09871776370301462,-0.09119265143114834,0.08391270646194321,-0.10890443224429538,-0.013045784935777682,-0.00960027868903976,-0.008422402485187719,-0.03976767740207156,-0.010524676448557313,0.0544399668163606,0.03402298108737581,-0.03784233340573338,-0.0023154419211241194,-0.03409322672166892,0.0504655899785022,-0.06420464759670697,-0.058360637012075195,-0.03368191051391822,-0.09065968335495832,0.10742612425520964,-0.10901340672437226,0.011396972308398517,0.020717279946122824,0.04663234292719867,0.03468833552522783,0.09731322504519635
percent_10to14,0.050636417426192924,0.19442171388912347,0.09535273422119067,0.037337804709470866,-0.0669137757732252,0.06552270134575752,-0.09223884275442701,0.02484331656643514,0.019101337973930932,-0.042618011295244534,0.0480817551472102,0.005647582436687504,0.13265702579263772,-0.029421901751896004,-0.10259082606637786,-0.07977611351416689,-0.06599090356109955,0.048145726865551,-0.0661564969881903,0.02334611957881365,0.001661312873664833,-0.022741431228913284,0.10807427488743493,-0.08975525011038571,-0.06536148106113798,0.07382400735505401,-0.11781376224821688,-0.0163640875637642,0.018706261406457952
percent_15to19,0.009127132733493457,0.10716179947781788,-0.13742529434693326,0.21793408841003348,0.09282330190285487,-0.017482527040399806,0.22910618983336625,0.15675712719771787,-0.2113374043722731,-0.050728038694137306,-0.19756370850832214,0.08434911547574042,-0.015346139225104943,-0.05144883599164185,-0.020963483354525025,-0.0023239706887700773,-0.006449496012647105,-0.033816083606540676,0.04287961611409949,-0.019191473286557837,0.06432509273793396,-0.0323151928594516,0.004931545314030672,-0.03155231611383312,0.04109986782775716,-0.018189467431802275,-0.03398429504296199,-0.029148455127944728,0.012959196115300893
percent_20to24,-0.05258607090387272,0.03383281416062786,-0.2279234706947685,0.10136345587946854,0.09007014052635873,0.018316559486031093,-0.12656994774691196,-0.06866929777082931,0.19848842112515952,0.07323500065148478,0.1925386203062716,0.05574505808502351,-0.03259794593006404,0.05267212433736785,0.15661973187143122,0.05080780925098902,-0.0070524900689088454,0.0734230206918826,0.003127735055899382,0.038714421115037326,-0.07423815147119855,0.028304243287928563,0.035631408773661194,0.0012370147796658716,-0.038872159471612405,0.05751882624711083,-0.02447937351663723,0.004971037823992566,0.0009162001254710058
percent_25to29,-0.1328180102005762,-0.0839246363187904,-0.10190205153669624,-0.17956512058978835,-0.06319239826361914,0.017734266407417626,-0.13956514852632404,0.03327917455040113,-0.05987244967664623,-0.06811634939942615,-0.010837757258509627,-0.046011544489219514,0.1416314462166811,-0.029235294389259453,-0.11650578457633182,-0.04492762149068405,0.002211245749802193,-0.0340997335450433,-0.028485583078841942,0.010549123617275138,0.03547650564874977,-0.051014460506708034,-0.045199533336295075,0.0506607080324205,0.05190940778965908,-0.09312072268895141,0.11083100662528758,-0.01290843649113118,-0.05111241060898634
percent_30to34,-0.15064090726826213,-0.1154691798785175,0.05616531498865543,-0.11301893860533545,-0.0733224220359276,-0.03742548310858189,0.08001484323062821,-0.012819474157936191,-0.013559992218885902,-0.012138956253777866,-0.04795358326905377,-0.061647866962938724,-0.048590484366940745,0.01495607374595051,-0.07826669256354449,-0.05493094136757591,0.027525177646385568,-0.05665794939568112,-0.02806438901325326,-0.011249580263856947,0.004632056976658971,0.03801683673712562,-0.025785729049657174,0.03914439291998567,-0.07932751034455265,-0.007591321854895777,-0.10367490505165819,0.028228983156186133,0.017915260912106254
percent_35to39,-0.12714792786845686,-0.09111643963423213,0.16541347205878862,-0.028774638001965593,-0.03727152169440118,-0.05467231243146002,0.1357869836342478,-0.03344744795781438,-0.00026281664962631013,0.046921606582357896,-0.005775881008231908,0.0035312309931808117,-0.10576177505731515,0.0029904496769549704,0.08245718247518835,0.004499327982260715,0.04676122817159943,0.03473040369838645,-0.015283870546777087,0.038921905631126304,-0.005437322306896988,0.014884445119790111,-0.03782395078985387,0.01185678119629921,-0.07963317980219299,0.08106971791382747,0.0018090726216074826,0.06332736634850325,-0.007845030649114317
percent_40to44,-0.07178577909309819,-0.03328606128228241,0.23899352509843882,0.01068926866075498,0.05132667875460724,-0.031117284818113582,0.13585254534146482,-0.0010024538825485207,0.040801767329273056,0.026033288503028433,0.045841671057613234,0.08185599870586113,-0.012065932035004556,-0.07965135183334443,0.14149315668733708,0.07639574306365084,-0.006680261098642615,0.045419031569968696,0.01520409995519397,0.09904325965923806,-0.02743492525067448,0.006349538798198023,0.03324419867578281,-0.1478304342780904,-0.02994171381645437,0.07091000141589301,0.03795077638603464,-0.007305791415883077,0.08169183191120552
percent_45to49,0.017531367063907777,0.007964159087743937,0.2334193530517107,0.004980040855891601,0.19441586436600386,0.02805815801927667,-0.008580447641652847,0.036035194517680155,-0.04087869150792357,0.12660999833184552,0.15209806467603856,0.1271650330322472,0.12553386714125175,-0.08122049875066684,0.035846994740818205,-0.011325195163869456,-0.04521601263610546,-0.06680372554100729,0.03857468023365143,-0.14188234985118922,0.06546078662699073,0.011542874888113092,0.09029937392383225,0.31301778022252186,0.09713635777307608,-0.11273756943110994,-0.008265207250791773,-0.05852416757673451,0.00556127839836253
percent_50to54,0.10313867971148206,0.04654901972798688,0.14016900055452075,-0.08295117491796147,0.272526284447047,0.06805964138498487,-0.058619324152751916,-0.006725127087598374,-0.017705942891589495,0.0750381093719151,-0.028927512886342155,0.017834283092496565,0.05333032077009345,-0.09677521450500473,-0.14559028963124135,0.023350069236398763,-0.011285063785693897,0.06826517075432045,0.1127229859385292,0.024819893219129426,-0.02415450867669653,0.030122441536615068,-0.22113710706226453,-0.17464114795373917,-0.10848922591250437,-0.014874636806066432,0.01463575511926668,0.07742883361683225,-0.20759306975645292
percent_55to59,0.15595125762843587,0.046040675222765975,0.04268514938259145,-0.12348192062858297,0.18891664555128104,0.046231336013332305,-0.046801014779070366,0.008629211496027531,0.04383376553482114,-0.10738803374930624,-0.0293990025749169,-0.07254626922973814,-0.1032060596477071,-0.0004115954195051258,-0.020440075125512103,-0.054122810829069834,0.12419116077699086,-0.12149288644048081,0.01266718145422821,0.03319662297808623,-0.07637631271085726,0.0065987470858951056,-0.030402610089422993,-0.012208814960244535,0.06292031694970418,-0.08102592249040508,0.029799578615324174,0.013260363776282924,0.22082231449867273
percent_60to64,0.17682376195041558,0.020061589597224917,0.021999390325892352,-0.10931393225499876,0.09787151707901752,-0.03095522438114773,-0.015423009695581021,0.015337786155372925,0.006779601202609611,-0.0007915894692903961,-0.018510141106324596,-0.07196204384897704,-0.16056936839575364,0.06482461836487188,0.057102732856388234,-0.0610366374488408,0.10690172467017486,0.0005645291574104538,-0.1562043698590378,-0.05896978237965402,0.006726586352852948,-0.02290217680954689,-0.04779418553291356,-0.009614361979873896,0.059337091089840865,0.028796286870176074,-0.019725870693228467,-0.09004383406881239,0.15547486537614663
percent_65to69,0.18668975368185317,-0.033161683743624916,-0.006747002206281438,-0.05468984084862839,0.0047223354531979525,-0.017751834587467583,0.005367488889727953,0.016958725438455353,0.016143397008074857,-0.041578003936387845,-0.04086751882480802,-0.02468311524871384,-0.11535043334650584,0.15350250736985976,0.06742968599650823,0.022631213372050707,-0.0015590888712923856,0.06754412959386312,0.03217325748081798,-0.009095942175315817,0.1712148848875606,0.032746981372651356,0.1259921972228809,0.020919541128190333,0.005515609024114354,-0.037824546033151885,0.0340114744610823,0.08128956554462619,-0.11620485673296198
percent_70to74,0.18509709075124886,-0.05817524013620038,-0.017383691307200258,-0.0028345233467390978,-0.06834066267591613,-0.003152221035232601,0.008809546388854079,0.022443125757753115,0.003506616424861718,-0.019650528203961463,0.003366179969183057,0.012792023101943339,-0.034727899849782584,0.13598737488145834,-0.02557463928131465,0.03497407437695881,-0.09179135274500451,0.0444091853664465,0.02414062264612038,0.029407273664068184,0.08980986628450202,0.0047909025418111165,0.056753957107170905,0.011900494502494252,-0.038780094871001966,0.0002117899890454189,0.030718223744601203,-0.035794105299134044,-0.1343134387205382
percent_75to79,0.18150722456833848,-0.0693677620104632,-0.022480609021910264,0.022801796474452407,-0.09186347921504881,-0.03655582273370846,0.014627839072043621,-0.014725258327906807,-0.014450639821597534,-0.005100036956902109,0.011475121586453607,0.016459503801106317,0.025928863267443928,-0.01699522292618827,-0.061586071089217376,-0.033757714784486303,-0.08349467680337676,0.0321178861083824,0.007054421149365192,-0.012534601597981376,-0.05069756607715652,-0.01837321836298414,-0.03659747854628767,0.02738846034484299,0.0067504922710321935,0.07526342333960473,-0.07848714031125838,-0.10025274416944147,-0.029130416375181885
percent_80to84,0.17404033258848395,-0.06367938344036822,-0.0317074912959371,-0.008613974367692855,-0.11923217988145919,-0.10379371706641871,0.045272119344018424,-0.06479767336524184,-0.03329498850314428,0.06493086417265409,0.058331033919360877,0.041714259019540186,0.07333516030242616,-0.10066668132011314,-0.02156054653802622,0.05059000129970165,-0.025239917242288662,-0.0018806758147110851,0.04248413186203015,-0.027819058060771132,-0.06185645150544847,-0.005232229649790348,-0.04856517068483418,-0.042796000923126756,0.07532221703958113,0.029222877806705627,-0.08080062738749388,0.031151840652458324,0.05585151806080899
percent_over85,0.16160342176025416,-0.06893792973359551,-0.035098744500870964,0.0189416678769372,-0.15091115930616839,-0.12005237792498145,0.033700801359231494,-0.12122191810118418,-0.037913429049482424,0.10987081051368919,0.031811285329528954,0.01227565926667568,0.10066340571578371,-0.17006868079863444,0.0376226918160035,0.027046536814807176,0.029710792927143986,-0.11157879191360617,0.04770902182878162,-0.028837019085339404,-0.058330008105323024,0.02154008155736585,0.01844210839906104,-0.024260026387444317,-0.008241463217424388,-0.06572810313784008,0.14764947968477177,0.009180613614908836,0.04724744886680759
male_median_age,0.1449724760319563,-0.11894917293495384,0.08244260842066391,-0.008669729445710645,0.06208968314981678,-0.11388545140303753,-0.0045637412243273254,-0.0769663620233897,-0.06693332185109777,0.07049408888887233,-0.023989440565562667,-0.07691660444089836,-0.0014838506979997746,0.021415471115856857,-0.022841836109202745,0.021664147186619798,0.007240317931615406,-0.03482128891069708,-0.11734029386421108,0.07604986996269973,-0.031164609333651727,-0.05054949827132898,0.010758658107504981,-0.0071145137943865455,-0.05410028032977053,0.06994608158885382,0.013235142916669745,-0.003242195322692737,-0.081240090776882
male_percent_under5,-0.014857082982711454,0.10493054696640956,0.16265892057180406,0.13837089822173446,-0.20825208427866926,0.11565448547323255,-0.020496857915994787,-0.06786708523311848,0.07517149847238336,-0.03417772806619584,-0.0813708728588677,-0.11638310653950473,-0.12503008934916568,0.04971880934481021,0.02415643341220322,0.07244472287649492,0.06828248414324789,-0.021390329466694447,0.09901749156035192,-0.13705788297216784,-0.041900380319098304,0.1000330032307512,-0.16867229189666394,0.03578672908244168,0.11728673835028611,-0.07241132888301156,0.06394055188742287,0.006117335756816264,-0.040071846912744444
male_percent_5to9,0.03232778346073505,0.16641726560427608,0.13759412164734625,0.09212423742462238,-0.11439873678810877,0.12060413646413462,-0.0685765205057903,0.01481217039180975,-0.004355743264038254,-0.027426620387417593,-0.012177691823806751,0.010768258660086311,0.03169660023734244,0.039966491715326964,-0.036019175134275896,-0.05269531189651245,0.007768537480007678,0.03865290660134468,-0.06906926746460573,-0.07369129501778944,-0.03039119004041688,-0.0829010190704075,0.13167926294105067,-0.061800823707898855,0.01989958867728439,0.016720937892973714,0.017289360326553538,0.023773886729657107,0.08701779996215103
male_percent_10to14,0.05884504815684414,0.18834927179505725,0.08686949044347697,0.03850950177516581,-0.09054869572212379,0.08208594017850723,-0.07237030222858477,0.04740178012410192,0.02162170449464222,-0.054251107550288585,0.07365205949959544,0.03234132457199302,0.08503996744335615,-0.03577215210749833,-0.08944922928128869,-0.100325432826418,-0.05097337803029197,0.0714021377685093,-0.10373903164029556,-0.012031819841328312,-0.011354982295586914,0.0015623678869660929,0.04305838048397618,-0.07992748401479838,-0.08165046779121948,0.05835248599718147,-0.05006805562864694,-0.022604540237345136,0.05686794346710465
male_percent_15to19,0.01691324520997761,0.1268462719630964,-0.11507322860138305,0.1894718222846635,0.05335522633245707,-0.005061019501737591,0.22423451191184035,0.16257353656349613,-0.22920833976063845,-0.07002946403218178,-0.19384584176333786,0.13445994821759294,0.010198416748703166,-0.07450942531348202,-0.03409331460136616,-0.008118900252332037,-0.027006069819982874,-0.03211689813998346,0.05508622161135177,0.051583511913154176,0.12247053684553194,-0.04781198810003029,0.037780782794512344,-0.030782729565717464,0.13101888714207902,0.0013996207244308945,-0.11562406785996449,0.05180368286373524,0.061563027273255765
male_percent_20to24,-0.04015730927400793,0.06141213080219729,-0.2155890683992894,0.10242016424410683,0.06292175664537107,0.009276380175492736,-0.10244075823465923,-0.05275305522496967,0.2339932181068755,0.04525320639248932,0.2041353649029012,0.08644655615375774,-0.05460476925397356,0.04453749394569569,0.17841696296012416,0.04571400563651166,-0.013969273015486785,0.09806730805408492,0.058977671276471834,0.12575803024813217,-0.035957532150406715,0.04227362627129308,0.10609537177009647,0.011082521048663724,0.03539000161334259,0.05219018407608093,-0.11046261943090076,0.06473620893196413,0.0326703585613308
male_percent_25to29,-0.12528574995452185,-0.06237191017960823,-0.12417114982238356,-0.17814689694623,-0.07640268523208762,0.0173966598510897,-0.14379759838366665,0.04737526341919456,-0.03529085244524668,-0.07063823544556737,0.009815162881841689,-0.009855664243850249,0.14831739554186682,-0.05730630818634957,-0.09796431194325808,-0.04876795576392212,0.01020844983222112,-0.04826694683786704,-0.018025941789201708,0.05523015834918851,0.00640102467898009,-0.054782741204588974,-0.06322925392941442,0.10588315605676754,0.062066762463185654,-0.14379071855680503,0.09463671773166779,-0.04049578192791667,-0.05697876629197844
male_percent_30to34,-0.15063004202118266,-0.11332582968025968,0.030562714534751918,-0.1254104378773775,-0.08373497442360334,-0.05458310941297979,0.05362746197003029,-0.007970650019574902,-0.010217005423495741,-0.017408545552108454,-0.034848480448555055,-0.04723734811595597,-0.026417637820250278,0.013173779142766578,-0.05838208693732045,-0.0585740181517119,0.03472389417257833,-0.08645635189270062,0.015960986923148127,-0.0036908083618646115,0.011032297366504924,0.04263022933869111,-0.04114609934444595,0.050177032249191636,-0.08881793834407767,-0.029949785438622832,-0.09289265850066189,0.01649953421106753,0.018971732383130997
male_percent_35to39,-0.13055649809675654,-0.10728423711229032,0.13547625651882325,-0.044197735581634354,-0.025552920427255606,-0.0752188771966972,0.12376603716249555,-0.03232591586844527,-0.0067228356932020035,0.06902058716462511,-0.00996747051334224,-0.023775562844396865,-0.09368631152766078,0.015848698766974895,0.10425250890294847,0.04013624872808526,0.024437118876516884,0.0014660570699236222,-0.0020192781147720315,0.004527787238750641,-0.006391613085016451,0.02190644948816181,-0.04139495098022213,0.013994717611332273,-0.10078353880834867,0.05495383738636546,0.009660367392298374,0.08061214641045254,-0.0255599062963716
male_percent_40to44,-0.08581120691887664,-0.063094262985957,0.2036806257328131,0.008736669382912007,0.07336650760169088,-0.06906946571888456,0.13079532429504287,-0.04975786952468542,0.0038099313331941857,0.07397268916107681,0.027153485215725734,0.02602715185420213,-0.03336234887440188,-0.045882096528329835,0.16355097535962723,0.07938294598705432,-0.0077317793946795645,0.028290856162026548,0.07348901142422912,0.10475970782747841,-0.0018314050365140899,0.011032732400442915,-0.05114449327470021,-0.08209929802933694,-0.0832211186897731,0.09066673410882367,0.08057696345725178,-0.0051417854425638565,0.09953092082293401
male_percent_45to49,-0.004349252936859317,-0.037864978441623294,0.20749595267851584,0.017854427263239016,0.20909974209993995,-0.018628316047373326,-0.006075478639292327,-0.012383315332193728,-0.10104217407306539,0.1664576603076357,0.14641766202212209,0.03817029730495275,0.1518061278406067,-0.057546199197851616,0.028441589254027837,0.021191525837344925,-0.1319971614185638,-0.009794698224375927,-0.050162067546501474,-0.2300527871860308,0.04204362238943242,-0.008992464724296878,0.00875925203329191,0.22033842204590703,0.12657334238047105,-0.10730153746851022,0.13255222681339437,0.0002635933159498838,0.12643035412742842
male_percent_50to54,0.07701656449738375,0.0011114846831905203,0.12143818024263146,-0.0682262617879814,0.3221946353032182,0.039360325819183896,-0.051207610075676285,-0.0540743017376439,-0.11507144582896917,0.1842908989297178,-0.04486645644384965,-0.057655648812752334,0.08503336460321433,-0.043407121178743825,-0.13769445109273415,0.049480560495716655,-0.04801577505560491,0.13066929140964562,0.08391014041262726,-0.10822643139029028,-0.1373105093672488,-0.06332601859912655,-0.19799457311354762,-0.1614153397876244,-0.13616792723948132,0.08725290657668205,0.049940999796067795,0.18197557568402833,-0.2388850368740929
male_percent_55to59,0.1405632407119035,0.008729723787939415,0.030065251793259393,-0.10805919714521738,0.25131716802281867,0.07761044672209128,-0.048939303554795845,-0.03839342823465334,0.02097142684456157,-0.08065722894556965,-0.06296352769413452,-0.11423462327275866,-0.09805403558077333,0.021987474619460396,-0.05503065602934884,0.010779505648716015,0.04598776448452788,-0.14199166623436854,-0.0664309131195003,-0.06760660567701779,-0.0994026150030238,-0.012778577820778403,-0.02968176740442979,-0.05254941046176459,-0.0051633510797426015,-0.037985939839504136,0.06664833230925572,-0.11080945821911267,0.07634471528129265
male_percent_60to64,0.1620400822116681,-0.007259418076974196,0.01827393535396568,-0.07663507679735411,0.1592968588535995,-0.03949298300465118,-0.012802327834510041,-0.006857761056706319,0.011209087761893778,0.06089504665438692,-0.02836187327309171,-0.139430061414912,-0.12468250124334232,0.08342924146478585,0.03343114810908341,-0.030509294231499662,0.11410156781445034,0.006253623556721759,-0.2059136204459798,-0.1200590566001308,-0.0021634296870971133,-0.061932221550729395,-0.05899134069204763,-0.07209969591334746,-0.06223130152789422,0.08256926442700518,-0.0017003566388275881,-0.26053128856861574,0.15518725955459461
male_percent_65to69,0.1780195538606711,-0.046388293273844056,-0.014142125428539409,-0.037918927351791365,0.029199292180983032,-0.0034372290607915584,-0.010981511764457715,-0.0028849138582331805,0.01791699316425411,-0.047120535847593285,-0.06024295552749073,-0.048786274867268956,-0.12956366554295776,0.12689874266615112,0.023251137810046854,0.044205232482214925,0.034433558819835224,0.0729656101028524,-0.018618515380808366,-0.03813089355950955,0.1236385574942851,0.023185356173634007,0.18574162586187073,-0.017752885593142094,-0.04739554100707306,-0.01583887359727626,0.06825495459395003,0.006540994080000642,-0.1348585157960695
male_percent_70to74,0.17445671434224233,-0.07163017716311808,-0.02073677780416711,0.014594089189273754,-0.046368775427357525,0.00018482670753054278,0.006572284048927736,0.015510465373551649,0.04467137503595999,-0.05889999783738292,-0.02919749388909356,-0.011481807462762955,-0.041217561716376236,0.1403861788310982,-0.037126507755506556,0.06302582524972405,-0.04384380843964564,0.04755512677627059,0.006197434388560239,0.039808793899858225,0.0987447652146495,0.053895076230147214,0.06922773147842759,-0.057463027864353255,0.018824247121457742,0.036281562915502226,0.1259392281082937,-0.04834812854566585,-0.2037117215012084
male_percent_75to79,0.1735825843340015,-0.07939287846119637,-0.03184313573466388,0.04985443382506742,-0.07497924355751484,-0.037096218599280285,0.004431747144829476,-0.009123184802746227,0.003104196470152932,-0.03009989101810154,-0.020115244549610164,0.0043387338659839686,-0.004314165954564753,-0.01977534013832258,-0.08792959785742506,-0.022961780192944287,-0.05434589845930721,-0.0017980432181999365,-0.027225809969567125,-0.009029032042098734,-0.056749090987893686,-0.007736973818263132,0.010505517184039321,-0.014716367962475005,-0.014153895949024279,0.07104565410808217,-0.010104137634650075,-0.10729080584314504,-0.14960084930889658
male_percent_80to84,0.17035965505194836,-0.07366331806198309,-0.03620198729520617,0.022228111969606328,-0.10220668647259279,-0.08989825786282614,0.014053261652186868,-0.0626940663736684,-0.029460958742172257,0.05267091204909217,0.02797622759850293,-0.004828242780461872,0.08989771865401774,-0.047996298370822164,-0.054426109450756016,0.017958300910972433,-0.034626436838793885,-0.025799546017789318,0.014625608099188791,-0.036772500046415565,-0.06869482071353192,-0.01316234910615531,-0.03906876031035688,-0.01834319664717772,0.07062766889426116,0.07325393871182753,-0.0928414826287522,0.01988343155467106,0.021014145967239925
male_percent_over85,0.15754602395129694,-0.0797689784531031,-0.03476413083813199,0.047382715750365574,-0.12456342944567056,-0.09995259118025672,0.001784878987317139,-0.12537355959044705,-0.045188672225712455,0.04629482787644643,-0.015465149934334472,-0.003889101970963843,0.14305836226780247,-0.14184157001607275,-0.00884549031561384,-0.0036089440656949558,0.011034152014161898,-0.11958019394114605,0.0035954916644662244,0.004299984814382735,-0.07763845740858859,0.05741812447288798,-0.0005310301522008665,-0.028850663719700985,-0.0802580890715124,-0.05314901213001684,0.12264794433664335,-0.09755468079697296,-0.0029657932039961754
Female_median_age,0.1756666983084552,-0.03788768010555928,0.0830709595828999,-0.046469065576622975,-0.0693046196919983,-0.06876485554795363,0.05870334935738126,-0.03084551561391359,-0.022789184284086227,0.013375765281839907,0.026699791333712256,0.0701482158540276,-0.027665814584075854,-0.018291148720972806,0.029911258947963204,-0.02778671849805394,0.035636787534697956,-0.019084295406269755,-0.0588911753959113,0.17896983506085012,0.01849174852616175,-0.008445423918459035,0.022228115301535192,0.0204579562432066,0.043307233379166775,0.005099363742235387,-0.08677125570555268,0.06027382463116654,-0.016311270382534635
female_percent_under5,-0.040203698222220904,0.08689971359338779,0.17795953260942135,0.13479078425152008,-0.13097977503055042,0.08398289137117602,-0.044522684146654265,-0.1345607401256354,0.05595824506032889,-0.04044423487606486,-0.14765242551171973,-0.22917791204451043,-0.046398535819573795,0.07118257816067469,0.03580187642354693,0.17338084115333474,-0.04823548012086034,-0.12047261440621682,0.07205748471084909,0.004390344155718734,-0.07188128811584388,0.0701229409590605,-0.046318238214705224,0.10450475477935087,0.2105985129443098,0.027164354219582465,0.06592615133821073,-0.06387163910060478,-0.14064216270288887
female_percent_5to9,0.017629813285839395,0.16392176784841578,0.14826022970725158,0.09818911655116445,-0.054041352175823475,0.040451454459058823,-0.14404893641747804,-0.051729739129966576,-0.022851589391116946,0.019800940096904654,-0.06062980224998337,-0.03913588036958751,0.07055327068150798,0.02144904547833592,-0.04055044632154718,0.0484417201679865,-0.0824384998255199,0.06845431454413792,-0.059269071330387536,-0.05152099554672191,-0.042018802474930186,-0.08795661400986182,0.05931528563899627,-0.15787287444596915,-0.003913227444082113,0.021034961769306332,0.07607274858996294,0.04258219503313186,0.10916925541797065
female_percent_10to14,0.039635686483633185,0.19023586158074576,0.09764431737733283,0.032533572274394254,-0.031522948445538955,0.04060659675433621,-0.10716603880416632,-0.012059298117947771,0.010991538933627292,-0.026287407210436563,0.017695095353102392,-0.03030686881507469,0.1718957958078714,-0.020876197136852088,-0.10826982436255336,-0.05709880358584963,-0.08829154086934571,0.021869528957693434,-0.023084049787200793,0.05321899488928649,0.017667434247218887,-0.04259395127991922,0.16663207882812553,-0.09169757564439435,-0.052374639207101406,0.08113843777279348,-0.19381468371230565,-0.020812537452530887,-0.023657097024407273
female_percent_15to19,0.003028904281526736,0.088456102178468,-0.14664604666109607,0.2241341826547581,0.12307979586849832,-0.026247688001240572,0.22283897838145125,0.13991740352443308,-0.2055513419735674,-0.037709253208554006,-0.1939243690670342,0.03757138677268227,-0.023938129331568095,-0.03473201960976807,-0.019223971652721814,0.004308590281899094,0.0014810108753364366,-0.025420810761633862,0.03724797393492783,-0.0592595970984648,0.021437016649599225,-0.02363419999113951,-0.021535439711111732,-0.025195541053146128,0.0038218006242326033,-0.024175334176905657,0.012471515120126689,-0.062208055516645204,0.009004705314359226
female_percent_20to24,-0.06078021583453408,0.012062425419900467,-0.22603769399334592,0.0881096696947834,0.1196767818620273,0.02192468383013905,-0.14207465509197506,-0.09497802301786902,0.14498992659467758,0.09499047912682854,0.17785794477179173,0.02279551256030814,-0.0050951343703616375,0.054839725349213275,0.1257193464847019,0.054692906728654254,-0.010981404386050149,0.06940913622967719,-0.043137737371066534,-0.021274619798675384,-0.10124648683521374,0.007657286494404846,-0.023195309572112854,-0.007627923562765385,-0.06573839250430277,0.0701026768423198,0.024956341313896808,-0.013400458488138037,0.008120006698651587
female_percent_25to29,-0.13449859229113173,-0.09820289454234499,-0.08065643636784585,-0.17505404783186132,-0.04001834014282633,0.013249419604892503,-0.12846949379280026,0.007722256289731671,-0.08878948143051224,-0.0567701480348243,-0.025941589923557596,-0.07796052814629072,0.1300903600391645,-0.003189675750366375,-0.12869745617372882,-0.04212904902465956,-0.0067092682981210235,-0.012151304206779687,-0.04556898658902293,-0.0345854438432983,0.04685750232333305,-0.05166630124913159,-0.03780000964366602,-0.0013137471980211365,0.04030664997682896,-0.04612004925220039,0.11648278311707058,0.012847021557125887,-0.04284086681420321
female_percent_30to34,-0.1454111564543959,-0.11426959365889963,0.07678697769534025,-0.09477432931194893,-0.05959257586679461,-0.01956221361859957,0.10273269297678136,-0.020069630486517307,-0.018707178301826412,-0.0013479308220472857,-0.05205157185962992,-0.07318449442618863,-0.07412360463680344,0.01212206610574709,-0.09738774582463884,-0.0563992447747117,0.024723661469082787,-0.02529576308263151,-0.07319632862950093,-0.03538614369508706,-0.013989600949970808,0.03120827099147068,-0.024545524039564587,0.02078571489315445,-0.07605814361975621,0.014482141763223932,-0.09791299762418655,0.039799365409081175,0.021635639724310103
female_percent_35to39,-0.11601473606604379,-0.06989135389515981,0.186021572067176,-0.004291015676814548,-0.05819510991511318,-0.02734407845496054,0.14197713601139292,-0.018764768094688262,0.019284143032983855,0.020029368518557984,0.00014767257762010117,0.037803388807957514,-0.11744476234448546,-0.010811879584996548,0.05915668462776767,-0.038138736807854935,0.07730437938732981,0.05730316188447335,-0.0210501880178948,0.065481234872332,-0.005544366608180737,0.01469471315227653,-0.03296834341631563,0.009245074882058661,-0.06725022021084723,0.09597955275144388,0.010699162036469985,0.024981392133494228,-0.004281141220259438
female_percent_40to44,-0.04709356064917804,0.00017769235592851354,0.24172827560033178,0.020825937696282586,0.0015151721243737996,0.017334968812582664,0.12584555076136367,0.07728409133719094,0.09733133428426534,-0.030474294439236955,0.05861511517430633,0.14664219170413814,0.004808429221226663,-0.09680793517322288,0.10138470979799058,0.06159005611401824,0.00719149381714991,0.037677931371321,-0.04386625666846881,0.08252993664548028,-0.04297432283599157,0.007774922373234146,0.12388263618522383,-0.18896540813974688,0.006838275788900394,0.035123905253825506,0.0022489047284457025,-0.02429752027470348,0.024427809700422222
female_percent_45to49,0.03751365303448553,0.05085829032001727,0.20944749092454154,-0.0008025775704895016,0.10758941478972636,0.07559791311278206,-0.006992288255821245,0.11846474614250045,0.07291503626859318,0.040870187896420176,0.11219472433031705,0.21869055111473878,0.0745867492807493,-0.07496553608364406,0.0534427062084591,-0.033524490699544975,0.0674772722437773,-0.147117693832535,0.14097960977099755,0.00048573291209857983,0.10278031071080126,0.04949283419853108,0.18243054404131007,0.35745567154489255,0.027536894010435256,-0.11263039305977027,-0.1359192788914573,-0.14281967617204644,-0.1614615660978703
female_percent_50to54,0.10892803381904392,0.08111411420152471,0.12557589845113595,-0.06938053270480067,0.12131436751270847,0.09121478286237518,-0.04819529360153434,0.09481852973730875,0.14528411189075136,-0.0829076544930862,-0.02289428593009119,0.11573980650365398,0.001967861230715434,-0.1185938700495483,-0.1056812758582853,0.008444683876055934,0.0438961665146332,-0.050451893431175024,0.13430117254178076,0.18265401826595332,0.12921924474572824,0.13322059592410343,-0.14826272286104009,-0.13453277202701852,-0.08707795411166733,-0.1404958810256794,-0.0034146260365666946,-0.0990743695013181,-0.19424997616244424
female_percent_55to59,0.15016908488227163,0.07452556626881475,0.04646860727022676,-0.10962355671038468,0.08169735348819113,0.012722510426743504,-0.033767641303388676,0.07755409888155365,0.08481730642575178,-0.1263003686524286,0.010755824886565677,-0.0032083939338254197,-0.09436051318893658,-0.020106522839211428,0.025103629080067847,-0.1195709821145712,0.19156242956056993,-0.10354135967997441,0.0925467271581947,0.12281571613100514,-0.034855177178295074,0.030860729282069163,-0.018388100727219664,0.024053953124685102,0.09134085928332233,-0.11700390056359587,0.004855413500362362,0.11025611024058637,0.30491655733559425
female_percent_60to64,0.1697466491377648,0.04101549652969909,0.019785163895663163,-0.1185276927842639,0.017959214767868964,-0.016884366720910468,-0.01562414950168957,0.05006798764886582,0.016043079080422663,-0.06165178299146007,-0.006895171098426471,0.007343113326895289,-0.17985377455490673,0.038927398415394686,0.08063989856394568,-0.07902849075892976,0.09878753434517039,-0.01811405818002943,-0.09225691806608026,0.00816774372764184,0.016747496886347732,0.02096101358834379,-0.02122918697674832,0.049524207005265525,0.142899169989521,-0.025264621009387644,-0.024514664220267657,0.06180031567284058,0.11210821273737406
female_percent_65to69,0.1808711006270238,-0.020792067345530782,-0.0008660494542293277,-0.06364325564228676,-0.011542968779411491,-0.03224442649743681,0.015545389190270913,0.03215982876343979,0.011899976707926287,-0.026438005336173468,-0.0223187457695219,-0.0036185303074395404,-0.09595097785426579,0.16748070875962617,0.1077092151157129,0.004074613399317894,-0.0330327610567076,0.0552499004646831,0.07402500829096993,0.016648704182463392,0.1981808195270966,0.035963365429657945,0.06965809298158619,0.050646289644982335,0.042368897560142296,-0.05273688941089951,0.006837624706049393,0.14486429610691487,-0.1047618861577812
female_percent_70to74,0.18345009620140962,-0.04627070183514365,-0.014364720142660293,-0.01578438334463534,-0.07578587453519921,-0.009157019403980775,0.006786551895464541,0.02517603326869684,-0.029107322778765776,0.01438702460100445,0.02445145390419869,0.02220102046317628,-0.02721952709399147,0.12649296857686032,-0.01262828558754454,0.02070301325530338,-0.1253900163239131,0.040125503702109044,0.04059566753763126,0.02258055819480896,0.08346861101959319,-0.036396770164250726,0.056643406048529514,0.06690753488632613,-0.08080627529827296,-0.027958631606559974,-0.03802157339586284,-0.025736425272267084,-0.08561488638945147
female_percent_75to79,0.17978704818990704,-0.060118469936146474,-0.014859783917436255,0.002512538819607171,-0.08815562565307981,-0.040639437060385905,0.018947331604040198,-0.026175801761926173,-0.03101787568701788,0.024037999369009466,0.03203357063032341,0.010457632437755358,0.047308728522777135,-0.01698455152206012,-0.03799794033222424,-0.03460581355471731,-0.10251103471192365,0.06444813852074556,0.031663802472028844,-0.02307018733699147,-0.04968320680275145,-0.031587247884043,-0.07237827443442892,0.056656436959887896,0.019054705941516866,0.07703406554992223,-0.12607003350819254,-0.09805506456455178,0.06281462713353375
female_percent_80to84,0.16728590335863852,-0.054697003400713505,-0.026547405699623793,-0.03458875509852009,-0.12264607104997496,-0.11488806110399317,0.06599561467763941,-0.06554525829986874,-0.032764948166615966,0.0705252509280699,0.07576374047429303,0.0735334890748213,0.05856895876453963,-0.14128229500827671,0.008819626205662094,0.0834693708576301,-0.018251502357727357,0.012934631640053967,0.06863072229749387,-0.01398182986923062,-0.049196806808313204,0.0027800145747397323,-0.044630856903611765,-0.05787484836630617,0.07813014069042577,-0.005956491305435034,-0.07098720176766235,0.03864780938639137,0.07386214354868162
female_percent_over85,0.1553455994778448,-0.05937934992814486,-0.03367309967862465,-0.0036720789194838754,-0.15623909729888935,-0.13400008273860428,0.05440220065753838,-0.11717197820387429,-0.033492701838467406,0.15151879263399765,0.05941280422800907,0.018568635275098076,0.06895927548372678,-0.17683235525787971,0.07588964624890626,0.054637305281112276,0.03730987058627904,-0.09791667354092436,0.07553473761052801,-0.047720230850249665,-0.04244543824970172,-0.008942325080405836,0.03762697794909779,-0.020141437054048805,0.044260472235509454,-0.0714676616366315,0.15483217641218597,0.08904987055110895,0.0791340041036621
median_household_income,0.003844308340608064,-0.18508734789533718,0.046044592396872905,0.20257735097800297,0.041986582768256585,0.059221551353509407,-0.0419130632846808,-0.048474350937982434,-0.001012997898507514,-0.02490467744013468,0.01572883732646137,-0.0635242021382924,-0.0038885896690797764,0.004355004016143089,-0.09852448400604708,-0.14405729170719858,0.018959565815913664,-0.06282380293510684,-0.12585122496814655,-0.004241578641839425,0.06872198168874513,-0.023501233006207652,0.008099978513259363,-0.01024955492965609,-0.04309848563271364,0.02248288025700886,-0.09774181885679833,-0.023130638016744615,0.07772085527645389
percent_income_under10k,0.03345409097813087,0.14854396806737763,-0.054483649112665754,-0.0899709765967795,-0.04615314920960944,0.1612640530318378,0.14204968261452072,-0.12783663983472826,-0.0030536143655959477,-0.050494034473223065,-0.006040747171253134,0.16762083522653917,-0.016870236580818296,-0.1587643225353121,-0.07839468508838383,0.05584491009834719,0.1747056768708219,0.143696652106426,-0.1092518865119629,0.4677053973066267,-0.19610269069995243,-0.09957742302596467,-0.050616267116767234,0.14410707256159233,0.15366280720164635,0.006180212941881411,0.25168176206368686,-0.11216669640070351,-0.14779667333456875
percent_income_10to15k,0.03536241097282777,0.1465308656534371,-0.03237480321455383,-0.13512233932097883,-0.07770264860692085,0.0869006724288962,0.1367663878212681,-0.11551109245552577,-0.07962312873303705,-0.05627479280929615,0.15777025889917923,0.004924810004824883,-0.0915582267788019,-0.08932154010796194,-0.01825373191452189,0.03132700687042216,0.26803605356529514,0.14106682685418281,-0.015748152003679447,-0.4335268063695936,0.016854783002561897,-0.14199744825443933,0.04662660476782815,0.08231296360313846,0.09139581185796952,0.06708972022986179,-0.17076178336397943,0.3782215066593692,-0.17574572214593548
percent_income_15to25k,0.032694623960131355,0.14861850664886755,-0.03351509692582734,-0.12029933492319811,-0.042663402504901214,-0.001135549890998195,0.035016216416620026,-0.15194589735678968,0.04552422047507328,-0.08886262029549043,0.009892431872903529,-0.16385487202113197,-0.11640072259217488,-0.21077824201348516,0.03008514774755026,0.297587973657671,-0.296530076303202,0.18269524177054824,0.20475234757393249,-0.03062608466533089,0.3354177172422915,0.04094637655831451,-0.03923122466147066,0.04166698477089274,-0.3391930505942625,-0.21762281745755796,-0.04225908538174369,-0.11992213362547388,0.2264001345158255
percent_income_25to35k,0.011300324308245947,0.1262983340758155,-0.004711692221308217,-0.1081401434784331,-0.0023820446666029896,-0.059125392930846184,0.16112135285305518,-0.051783819683535556,0.010713644445720243,0.1348510939527174,-0.08750083807113747,0.2620111460348955,0.24775517161108185,0.4304536652070277,-0.09117275135227643,0.013025421326554609,-0.10439637754330482,0.07914131833994031,-0.22123466007461834,-0.06420827443910897,-0.04122299993399722,0.6139886604769934,-0.09346677891141375,-0.0324425432106521,0.05914887099842385,-0.06360242885817438,0.07313586455134491,0.09366354491242175,0.11580968011025214
percent_income_35to50k,-0.002394974290148042,0.12848510798222051,-0.011913144995037655,-0.12063351548367748,0.02932453962235382,-0.0620026014368717,0.031024957366202397,-0.1014472369167641,-0.04636974923056615,0.07800496205276909,-0.1883037004517039,-0.06718800022479814,0.28062438019102104,0.34772501499438885,0.3751013270939717,-0.2862685116248625,0.03321811590401746,-0.20754251275085944,0.4348307320939717,0.028503625949210666,-0.12175214083528593,-0.2355159330331396,0.024246203509234336,-0.04737197947010572,-0.1348541834542167,0.03522123145301394,-0.029457954087640424,-0.06760527765854016,-0.04293951726099263
percent_income_50to75k,-0.017911418290895258,0.0909900867636978,-0.028376033101002937,-0.04752286096730526,0.014087694756618275,-0.2177456437678402,-0.16977173490502467,0.3378595034045076,0.10634680086447072,0.04601103624778874,-0.21488164637088122,-0.06213526372709342,-0.03557085560677492,-0.2710050817924439,0.38961610844611755,0.016473042591560287,-0.28685985281877474,-0.1755851968196478,-0.39997446753603494,-0.06934901226593593,0.02439028329402093,0.005836976984336363,-0.061927343491960725,-0.014913928052511703,0.04744788527060814,0.011058950144388648,0.07190279391732,0.10190643354618828,-0.21606450314056902
percent_income_75to100k,-0.04884964532688346,0.011523497933192822,0.027316018949231302,-0.057749473245037354,-0.059350827524520505,-0.24362218778733122,-0.18431692975468383,0.3308789677048627,0.04931728616880623,0.09707437754065965,0.02203991037075972,0.22425047292696731,-0.10935297333236049,0.21734198054485357,-0.2921449311190253,0.554084855548468,0.14970295434329778,-0.25604075150461547,0.1297919593594831,-0.056291589554593235,-0.14817595321871918,-0.1696963232825474,0.020924604942166282,-0.025277059858677814,-0.04820692409721949,0.10685376739005226,-0.09707833478041172,-0.054818552953186606,0.06496757566432834
percent_income_100to150k,-0.05185187458222372,-0.12479475700514785,0.022874297141678122,-0.034758268350870945,0.04912087976657357,-0.12082244386930947,-0.10404952563245468,0.23163548798496364,-0.14323332574048755,-0.058273280744298044,0.14296014298288306,-0.2173799394919969,-0.17785151733212984,-0.15953895860890577,-0.10372466616022825,-0.22617168252281467,-0.05224850080527429,0.15668060763623176,0.3218151057905513,-0.0510096793179419,-0.25261871604223374,0.39056559861987633,0.3666304603305532,-0.1398938634909317,0.1600403791960974,0.09248411707850601,0.0753831760279251,-0.044491229873115275,-0.05391766574628398
percent_income_150to200k,-0.05516034148951355,-0.14470720876301124,0.045196064364805624,0.09301905557095248,0.021832100166240313,-0.012142831698932077,-0.0037062299983917244,-0.001284282402552874,0.08912403591755814,-0.027301316096873588,0.2962945996266752,0.01077323412884695,0.05661225635608778,0.08975166736461451,-0.029225175259200244,-0.1116002093157683,-0.03231762916986684,-0.10151610146945611,0.08015386418208985,0.002268385672244015,0.48036788985801027,-0.091446058131549,-0.3342524350633628,-0.2932218445142134,0.4199306582200367,0.16208660944992373,-0.03523283264702988,-0.07265808934793394,-0.029563725975571636
percent_income_over200k,0.022543196442805065,-0.17466027154470576,0.02893511597518739,0.2101277794145516,0.03392745251114814,0.1390298640589258,-0.01322667164281925,-0.11571387370953576,-0.0019010702261794518,0.0020804322574681927,-0.05975966155079461,-0.017364088823569015,0.014862053474066833,0.017305589397873113,-0.0818149047799876,-0.07177316579020405,0.05217884889321043,-0.015459794196770224,-0.17265207042455916,-0.0068424766211518245,-0.019543195246402564,-0.07974961828358686,0.024349515906463816,0.09862371139777135,-0.17348505874860867,-0.07583775852270823,-0.0749029434556173,0.005523346486962989,0.12089814348622245
percent_novehicles,0.046755635261759965,-0.09778543610119868,-0.05323363289478693,-0.18783318578481517,-0.007900096402305615,0.3522190587026793,0.15828700481877986,0.031865561207546134,0.024323064459746312,-0.08206450543066485,0.018465927609244773,0.07637339153571564,-0.01589525070094514,0.018282359978577623,0.08681373753216612,0.0940104491766395,-0.23688375573580003,-0.05316880299229708,0.01874199263493486,-0.03245625850355672,-0.18378227237318356,-0.1006247958199874,0.01377205689423127,-0.06873292328067494,0.1041485189217742,0.057153468581773725,0.028815527170974548,0.040298449469850034,0.024972716416854383
percent_1vehicle_perperson,0.044513385881334584,-0.09007601810331024,0.06516406102154473,0.03413599679250327,-0.018157814358623115,-0.20559505869689967,0.02926321022951343,0.18509307825783503,0.18371962204076564,-0.2890118267383727,-0.06429299123955927,-0.048490435195048184,0.3068828039950299,-0.023374327617850747,0.21401727857882236,0.08551623664536906,0.24461418427607448,0.43287995025144477,-0.0006235304263297325,-0.13999536805268886,-0.2021754667823674,-0.034837568842149766,-0.20336223542378162,-0.07667477355720195,0.09662123554524796,-0.26991386096369313,-0.231603499407884,-0.1374458807615927,-0.03989746337668685
percent_lessthan1vehicle_perperson,0.05225678594931887,-0.12546658087452617,0.027557997317326183,-0.15822547669758946,-0.0517507810374696,0.28432868375977277,0.13519778197432308,0.14020896301325655,0.03803822060651046,-0.058946708473686014,0.028060693291953487,0.11910507234504573,-0.047835285487809256,0.022274395979590526,0.10571164379042387,0.015739781944747438,-0.2996591935536731,-0.033171022841874925,0.01370057788659388,-0.07271317989404576,-0.16577741560630815,-0.16063896165522956,0.006773044560475231,-0.07871136425118466,0.06782682380377991,0.15164805057359027,0.014868247223421685,0.08917655954252457,0.04704285811096711
under25y_percent_highschool,0.0161404071088252,0.0928632661647873,0.01712009133774169,0.0730216923100757,0.021492563759752187,0.0023107624494864663,0.10148029013175686,0.10220961753975738,-0.40684179684371574,-0.26386440607970213,0.4904340447903011,-0.2491878910977992,0.05902023914429254,0.15628770482670754,0.15228542309338516,0.17643148118068658,-0.04424508426486849,-0.16511954434539405,-0.11877239536115268,0.1340992819407768,-0.1224619580457193,0.08881626471161444,-0.12082172569543354,-0.009518830284185487,-0.1506007039142624,-0.09343622216836989,-0.025585456285173364,0.0013541929873364424,-0.061975889632880476
under25y_percent_somecollege,0.010852277344562752,0.05623193845783568,-0.07775837304150454,0.01841973348056152,0.08409633005907333,-0.10719015331029479,0.3604980679621439,0.07787121045920856,0.5367014978075687,0.14529252609902546,-0.03346742131466003,-0.23509124745977386,0.08721084515488764,-0.03459884615282959,-0.2627041784980816,-0.08006007270610795,-0.06511068386024156,-0.06512312537665677,0.015098874379712796,-0.03374931984238898,-0.02720972145881119,-0.09589648441546564,0.10233311788097477,0.030639931782037076,0.009301867692285401,-0.05865995713035194,0.05474128607243392,0.10287849444494589,-0.025755148811206885
under25y_percent_bachelors,-0.023507665610666043,-0.14476461289431516,0.027884996409632132,-0.05274810287410959,-0.05906047896883027,0.06681192973190202,-0.3458171570736098,-0.0895864461859245,-0.16327972597893275,0.04427334389391009,-0.26855156121652163,0.3214062618320433,-0.10778014931987169,-0.07543011510550005,0.14639877957603786,-0.021127809532203716,0.08178112643906689,0.16559827795285795,0.08166908952809956,-0.04289243694423979,0.09281251006469471,0.06279986579082605,-0.039765231396546905,-0.025151795346774048,-0.013759106640865479,0.0805311728119002,-0.04080137037285042,-0.003727710740420287,0.05923866977466677
over25y_percent_highschool,-0.005242590712613902,0.186949017359228,0.00045453328395638756,-0.1544504378514287,-0.04971403496438158,-0.13352906742748918,-0.003069423311414088,0.005325186763167966,-0.027643973890588428,-0.09197850518574442,0.04901387255798644,0.03800464225541479,-0.012439655566214741,-0.015123345470717229,0.013821344654874624,-0.05536123761094654,0.054593553135260396,-0.08393734696411781,-0.005092362676893081,0.006508066980757392,0.043401078256282075,-0.011557726658567795,0.0029364113866883522,-0.06117861805399998,-0.08619852301888621,-0.014806821409191834,-0.003746461291787212,0.2370987203532568,-0.03930454149083649
over25y_percent_somecollege,0.013069441049485883,0.16554565631246454,0.013825680229398233,-0.13885785658758032,-0.024847284388378046,-0.13232157214816315,0.057625458844439315,0.06644917853365609,0.033671626986520625,-0.11222293225894266,-0.03965907648698249,-0.06797957253660254,0.04383572117489865,-0.07837786687003871,-0.0302485205139875,-0.055601635504251366,-0.08760756169640434,0.08942883669984046,0.06939557553867808,-0.045205930132107525,0.009151887502140993,0.09374916394571103,-0.17489056869444952,0.30065274436412104,-0.0017435401065637735,0.5801964125073047,-0.00205072353909852,-0.2831136845783101,0.11132479925713867
over25y_percent_bachelors,-0.06116168286593904,-0.19086301691206753,0.0071953063743982375,0.055875602706572984,0.014154240957936288,0.027298892534158018,0.031192282058291453,0.08705686460299752,-0.0037127758739946204,-0.02994819337859627,-0.029696267293545464,0.022934725028293163,0.037568552839807284,0.05351071852822473,-0.014242588285658211,0.08627760741437543,-0.03902782316680654,0.08717732647980633,0.07908291674271717,-0.04724226341411618,0.03614266975127219,-0.10876262576197546,0.1289131267706697,-0.19816852638340973,0.09987409995665447,-0.17255490013057503,0.28499704628390693,-0.04792884912785528,0.21761372656048247
over25y_percent_graduatedegree,0.030897245076522677,-0.17399997031105208,0.0035926105204203223,0.19925585787950484,0.05803485995328702,0.13850425135119038,-0.058172122460608815,-0.007278116117481484,0.021158750433440066,0.07172280734477023,0.00014627139494421455,0.014682736204480509,-0.05355563384908249,0.00311382765366492,0.012030536118802742,-0.04842852943973416,0.002067003748982298,-0.06895726665645892,-0.0804055464677663,0.00017971401041882995,-0.13886997214329722,0.04207292856257264,-0.03372427598436303,0.05385055032079353,-0.042813474431084804,-0.02129747927580937,-0.21232025528650444,-0.0849306825770181,-0.13003283949065558
